ID,Czas_przyjscia,Dlugosc_kolejki_w_momencie_przyjscia,Czas_rozpoczecia_badania,Czas_zakonczenia_badania,Czas_oczekiwania,Dzien,Lekarz
1,172,0,172,183,0,1,1
2,183,0,183,196,0,1,3
3,185,0,185,185,0,1,1
4,196,0,196,201,0,1,2
5,198,0,198,201,0,1,3
6,202,0,202,227,0,1,1
7,208,0,208,213,0,1,3
8,211,0,211,230,0,1,2
9,220,0,220,233,0,1,3
10,239,0,239,249,0,1,3
11,241,0,241,302,0,1,1
12,241,0,241,261,0,1,2
13,257,0,257,298,0,1,3
14,259,0,261,265,2,1,2
15,263,0,265,315,2,1,2
16,269,0,298,340,30,1,3
17,272,1,302,302,30,1,1
18,274,2,302,321,28,1,1
19,292,3,315,332,23,1,2
20,296,4,321,375,24,1,1
21,297,5,332,361,35,1,2
22,298,6,340,421,42,1,3
23,330,2,361,371,30,1,2
24,339,2,371,385,32,1,2
25,340,3,375,395,35,1,1
26,356,3,385,394,29,1,2
27,359,4,394,401,35,1,2
28,363,4,395,449,31,1,1
29,368,5,401,403,32,1,2
30,373,5,403,457,30,1,2
31,377,5,421,436,44,1,3
32,381,6,436,452,55,1,3
33,411,2,449,464,38,1,1
34,423,2,452,460,29,1,3
35,426,3,457,492,30,1,2
36,455,1,460,463,5,1,3
37,456,2,463,477,7,1,3
38,487,0,487,503,0,1,1
39,505,0,505,506,0,1,3
40,509,0,509,549,0,1,2
41,548,0,548,616,0,1,3
42,559,0,559,575,0,1,2
43,574,0,574,635,0,1,1
44,604,0,604,606,0,1,2
45,633,0,633,649,0,1,2
46,640,0,640,643,0,1,1
47,642,0,642,647,0,1,3
48,643,0,643,647,0,1,1
49,644,0,647,678,3,1,3
50,652,0,652,674,0,1,1
51,665,0,665,704,0,1,2
52,667,0,674,681,7,1,1
53,667,1,678,692,11,1,3
54,669,2,681,693,13,1,1
55,671,3,692,698,20,1,3
56,675,3,693,714,18,1,1
57,684,2,698,702,13,1,3
58,694,1,702,705,8,1,3
59,698,2,704,713,6,1,2
60,702,2,705,708,3,1,3
61,708,0,708,717,0,1,3
62,714,0,714,745,0,1,2
63,719,0,719,772,0,1,1
64,722,0,722,737,0,1,3
65,724,0,737,763,14,1,3
66,726,1,745,767,19,1,2
67,730,2,763,765,33,1,3
68,730,3,765,789,35,1,3
69,733,4,767,804,34,1,2
70,735,5,772,781,37,1,1
71,736,6,781,784,45,1,1
72,737,7,784,824,48,1,1
73,753,6,789,852,36,1,3
74,765,5,804,882,39,1,2
75,769,5,824,844,55,1,1
76,769,6,844,864,74,1,1
77,772,7,852,860,80,1,3
78,776,7,860,866,84,1,3
79,789,6,864,875,75,1,1
80,120,3,152,180,32,2,3
81,136,3,154,172,19,2,2
82,156,0,172,187,16,2,2
83,180,0,180,218,0,2,3
84,183,0,187,202,4,2,2
85,191,0,202,205,10,2,2
86,196,1,203,224,7,2,1
87,199,2,205,213,6,2,2
88,202,2,213,239,11,2,2
89,202,3,218,219,16,2,3
90,203,4,219,224,16,2,3
91,211,3,224,271,12,2,1
92,218,3,224,231,6,2,3
93,229,0,231,234,1,2,3
94,230,1,234,252,4,2,3
95,244,0,244,283,0,2,2
96,259,0,259,264,0,2,3
97,286,0,286,295,0,2,1
98,311,0,311,315,0,2,1
99,316,0,316,334,0,2,3
100,320,0,320,410,0,2,1
101,330,0,330,389,0,2,2
102,330,0,334,355,4,2,3
103,334,0,355,380,21,2,3
104,338,1,380,394,41,2,3
105,340,2,389,425,49,2,2
106,362,2,394,403,32,2,3
107,366,3,403,405,36,2,3
108,374,4,405,407,31,2,3
109,385,4,407,415,22,2,3
110,410,0,410,469,0,2,1
111,413,0,415,434,2,2,3
112,417,0,425,425,8,2,2
113,419,1,425,430,6,2,2
114,421,2,430,461,9,2,2
115,439,0,439,469,0,2,3
116,443,0,461,488,18,2,2
117,443,1,469,495,26,2,1
118,445,2,469,510,24,2,3
119,458,3,488,518,30,2,2
120,464,3,495,526,31,2,1
121,479,2,510,562,31,2,3
122,497,1,518,550,22,2,2
123,511,1,526,551,15,2,1
124,514,2,550,589,36,2,2
125,531,1,551,576,20,2,1
126,543,2,562,566,19,2,3
127,565,0,566,570,2,2,3
128,569,0,570,602,1,2,3
129,573,0,576,594,3,2,1
130,574,1,589,599,16,2,2
131,577,1,594,642,17,2,1
132,598,0,599,607,1,2,2
133,605,0,605,634,0,2,3
134,606,0,607,649,1,2,2
135,635,0,635,641,0,2,3
136,658,0,658,687,0,2,3
137,659,0,659,686,0,2,2
138,665,0,665,666,0,2,1
139,669,0,669,674,0,2,1
140,678,0,678,681,0,2,1
141,684,0,684,717,0,2,1
142,690,0,690,690,0,2,3
143,692,0,692,715,0,2,3
144,174,1,178,229,4,3,1
145,178,0,183,219,5,3,2
146,194,0,219,228,25,3,2
147,195,1,226,243,31,3,3
148,198,2,228,257,30,3,2
149,200,3,229,255,29,3,1
150,200,4,243,248,43,3,3
151,203,5,248,340,45,3,3
152,218,6,255,318,37,3,1
153,227,5,257,275,30,3,2
154,231,4,275,287,44,3,2
155,258,1,287,295,29,3,2
156,268,2,295,305,26,3,2
157,270,3,305,341,35,3,2
158,279,3,318,327,39,3,1
159,280,4,327,332,46,3,1
160,282,5,332,404,50,3,1
161,283,6,340,373,57,3,3
162,300,5,341,341,41,3,2
163,304,6,341,347,37,3,2
164,308,6,347,369,39,3,2
165,331,5,369,369,38,3,2
166,338,5,369,373,31,3,2
167,340,6,373,454,33,3,3
168,356,3,373,389,17,3,2
169,361,4,389,392,28,3,2
170,362,5,392,415,30,3,2
171,372,4,404,411,32,3,1
172,389,2,411,428,21,3,1
173,393,2,415,417,22,3,2
174,408,2,417,432,9,3,2
175,418,0,428,432,10,3,1
176,419,1,432,433,13,3,2
177,424,2,432,452,8,3,1
178,442,0,442,463,0,3,2
179,445,0,452,480,7,3,1
180,447,1,454,456,7,3,3
181,449,2,456,466,7,3,3
182,475,0,475,488,0,3,2
183,478,0,478,493,0,3,3
184,493,0,493,497,0,3,2
185,493,0,493,500,0,3,1
186,495,0,495,540,0,3,3
187,496,0,497,498,0,3,2
188,501,0,501,506,0,3,1
189,508,0,508,536,0,3,2
190,510,0,510,533,0,3,1
191,511,0,533,534,22,3,1
192,513,1,534,549,21,3,1
193,536,0,536,567,0,3,2
194,547,0,547,568,0,3,3
195,547,0,549,551,2,3,1
196,553,0,553,579,0,3,1
197,555,0,567,602,12,3,2
198,577,0,577,635,0,3,3
199,578,0,579,584,1,3,1
200,593,0,593,603,0,3,1
201,617,0,617,627,0,3,2
202,621,0,621,633,0,3,1
203,626,0,627,665,1,3,2
204,627,0,633,641,6,3,1
205,630,1,635,658,5,3,3
206,648,0,648,661,0,3,1
207,651,0,658,666,8,3,3
208,651,1,661,682,10,3,1
209,652,2,665,687,12,3,2
210,128,2,136,175,8,4,2
211,129,2,148,157,19,4,1
212,138,1,155,166,17,4,3
213,141,2,157,170,16,4,1
214,160,0,166,167,6,4,3
215,182,0,182,198,0,4,1
216,193,0,193,204,0,4,2
217,204,0,204,205,0,4,3
218,206,0,206,214,0,4,3
219,207,0,207,210,0,4,2
220,212,0,212,221,0,4,1
221,226,0,226,231,0,4,3
222,228,0,228,256,0,4,1
223,241,0,241,243,0,4,2
224,243,0,243,254,0,4,3
225,249,0,249,261,0,4,2
226,265,0,265,308,0,4,3
227,283,0,283,292,0,4,2
228,288,0,288,339,0,4,1
229,295,0,295,307,0,4,2
230,295,0,307,321,12,4,2
231,295,1,308,341,12,4,3
232,299,2,321,333,22,4,2
233,301,3,333,374,33,4,2
234,324,1,339,346,15,4,1
235,337,1,341,373,4,4,3
236,360,0,360,376,0,4,1
237,377,0,377,385,0,4,2
238,383,0,383,386,0,4,1
239,385,0,385,444,0,4,3
240,390,0,390,434,0,4,1
241,393,0,393,400,0,4,2
242,396,0,400,402,3,4,2
243,403,0,403,404,0,4,2
244,413,0,413,441,0,4,2
245,434,0,434,450,1,4,1
246,434,1,441,552,7,4,2
247,440,1,444,450,4,4,3
248,446,0,450,463,4,4,3
249,471,0,471,477,0,4,3
250,473,0,473,477,0,4,1
251,484,0,484,521,0,4,1
252,516,0,516,524,0,4,3
253,519,0,521,566,2,4,1
254,536,0,536,540,0,4,3
255,537,0,540,557,4,4,3
256,550,0,552,562,2,4,2
257,552,1,557,580,5,4,3
258,552,1,562,574,10,4,2
259,554,2,566,619,11,4,1
260,555,3,574,592,19,4,2
261,564,2,580,580,16,4,3
262,579,1,580,596,1,4,3
263,594,0,594,600,0,4,2
264,597,0,597,613,0,4,3
265,598,0,600,668,2,4,2
266,600,1,613,631,13,4,3
267,602,1,619,620,17,4,1
268,609,2,620,621,11,4,1
269,615,2,621,676,6,4,1
270,617,3,631,655,14,4,3
271,619,4,655,690,36,4,3
272,626,2,668,693,42,4,2
273,634,2,676,708,42,4,1
274,637,3,690,712,53,4,3
275,652,4,693,712,40,4,2
276,653,5,708,710,55,4,1
277,660,5,710,713,50,4,1
278,674,5,712,834,38,4,2
279,692,4,712,714,20,4,3
280,148,1,154,162,6,5,3
281,161,0,161,168,0,5,1
282,162,0,162,177,0,5,3
283,167,0,168,180,1,5,1
284,169,0,170,180,2,5,2
285,171,0,177,184,5,5,3
286,181,0,181,233,0,5,2
287,191,0,191,203,0,5,1
288,198,0,198,266,0,5,3
289,217,0,217,229,0,5,1
290,223,0,229,230,6,5,1
291,223,1,230,243,7,5,1
292,224,2,233,254,9,5,2
293,225,3,243,333,18,5,1
294,233,1,254,257,21,5,2
295,238,2,257,259,20,5,2
296,253,2,259,263,6,5,2
297,261,0,263,264,2,5,2
298,264,0,264,273,1,5,2
299,277,0,277,285,0,5,3
300,284,0,284,297,0,5,2
301,288,0,288,292,0,5,3
302,293,0,293,309,0,5,3
303,297,0,297,318,0,5,2
304,303,0,309,364,6,5,3
305,304,1,318,323,14,5,2
306,311,1,323,329,12,5,2
307,325,0,329,347,3,5,2
308,328,1,333,367,5,5,1
309,328,2,347,349,19,5,2
310,336,1,349,350,13,5,2
311,337,2,350,356,13,5,2
312,340,3,356,369,17,5,2
313,348,3,364,366,17,5,3
314,374,0,374,377,0,5,2
315,378,0,378,408,0,5,2
316,380,0,380,386,0,5,1
317,383,0,383,398,0,5,3
318,386,0,386,455,0,5,1
319,406,0,406,407,0,5,3
320,411,0,411,421,0,5,2
321,420,0,420,422,0,5,3
322,423,0,423,426,0,5,3
323,428,0,428,430,0,5,2
324,430,0,430,472,0,5,2
325,433,0,433,496,0,5,3
326,442,0,455,459,12,5,1
327,444,1,459,461,15,5,1
328,445,2,461,469,17,5,1
329,450,3,469,473,19,5,1
330,462,1,472,483,10,5,2
331,473,0,473,485,0,5,1
332,476,0,483,496,7,5,2
333,479,1,485,485,5,5,1
334,485,0,485,532,0,5,1
335,485,1,496,516,10,5,2
336,525,0,525,570,0,5,3
337,527,0,527,537,0,5,2
338,528,0,532,545,4,5,1
339,551,0,551,561,0,5,2
340,554,0,554,602,0,5,1
341,559,0,561,566,2,5,2
342,573,0,573,573,0,5,2
343,115,2,126,132,11,6,1
344,118,1,129,137,11,6,2
345,120,2,132,197,12,6,1
346,121,3,137,139,16,6,2
347,129,3,139,151,10,6,2
348,141,0,151,189,10,6,2
349,146,1,165,168,20,6,3
350,154,1,168,208,15,6,3
351,159,2,189,198,30,6,2
352,183,1,197,255,15,6,1
353,186,2,198,199,12,6,2
354,192,2,199,210,7,6,2
355,198,1,208,218,9,6,3
356,199,1,210,219,11,6,2
357,199,2,218,222,19,6,3
358,201,3,219,305,18,6,2
359,202,4,222,238,20,6,3
360,208,5,238,252,31,6,3
361,209,5,252,273,43,6,3
362,228,2,255,273,28,6,1
363,236,3,273,275,36,6,1
364,238,4,273,312,35,6,3
365,244,4,275,289,31,6,1
366,247,5,289,306,42,6,1
367,250,6,305,306,55,6,2
368,252,7,306,313,54,6,2
369,257,6,306,325,49,6,1
370,279,4,312,318,33,6,3
371,282,5,313,314,30,6,2
372,282,6,314,341,32,6,2
373,302,6,318,319,15,6,3
374,307,4,319,322,12,6,3
375,310,5,322,344,12,6,3
376,328,0,328,358,0,6,1
377,328,0,341,360,13,6,2
378,341,1,344,359,3,6,3
379,362,0,362,402,0,6,2
380,373,0,373,384,0,6,3
381,385,0,385,423,0,6,3
382,392,0,392,453,0,6,1
383,408,0,408,430,0,6,2
384,410,0,423,426,14,6,3
385,413,1,426,427,14,6,3
386,424,1,427,433,3,6,3
387,424,2,430,433,6,6,2
388,430,1,433,467,3,6,3
389,430,2,433,435,3,6,2
390,433,2,435,470,2,6,2
391,446,0,453,454,7,6,1
392,458,0,458,468,0,6,1
393,459,0,467,481,8,6,3
394,469,0,469,501,0,6,1
395,497,0,497,523,0,6,2
396,508,0,508,559,0,6,1
397,519,0,519,560,0,6,3
398,522,0,523,542,1,6,2
399,533,0,542,558,10,6,2
400,542,1,558,565,16,6,2
401,566,0,566,615,0,6,1
402,566,0,566,623,0,6,2
403,572,0,572,577,0,6,3
404,572,0,577,587,5,6,3
405,580,0,587,630,7,6,3
406,589,0,615,636,27,6,1
407,614,1,623,662,9,6,2
408,624,0,630,646,6,6,3
409,625,1,636,648,11,6,1
410,626,2,646,654,20,6,3
411,628,3,648,669,19,6,1
412,172,4,191,199,19,7,2
413,177,4,194,202,17,7,1
414,183,4,199,203,16,7,2
415,188,3,202,231,13,7,1
416,191,4,203,235,13,7,2
417,194,3,205,210,11,7,3
418,196,4,210,238,14,7,3
419,203,3,231,237,28,7,1
420,209,2,235,236,26,7,2
421,212,2,236,256,24,7,2
422,222,3,237,283,15,7,1
423,223,4,238,242,15,7,3
424,227,5,242,250,14,7,3
425,227,6,250,284,22,7,3
426,228,7,256,272,28,7,2
427,253,1,272,276,19,7,2
428,255,2,276,281,21,7,2
429,269,2,281,316,12,7,2
430,288,0,288,302,0,7,1
431,299,0,299,302,0,7,3
432,321,0,321,329,0,7,2
433,325,0,325,359,0,7,1
434,329,0,329,338,0,7,3
435,330,0,330,340,0,7,2
436,341,0,341,354,0,7,2
437,350,0,350,381,0,7,3
438,352,0,354,392,2,7,2
439,358,0,359,363,2,7,1
440,371,0,371,378,0,7,1
441,375,0,378,399,3,7,1
442,380,0,381,383,1,7,3
443,395,0,395,417,0,7,2
444,402,0,402,487,0,7,1
445,423,0,423,433,0,7,2
446,429,0,429,436,0,7,3
447,431,0,433,433,2,7,2
448,432,1,433,447,2,7,2
449,434,0,436,476,3,7,3
450,434,1,447,471,13,7,2
451,437,1,471,486,34,7,2
452,442,2,476,509,34,7,3
453,447,2,486,500,40,7,2
454,459,3,487,498,28,7,1
455,461,4,498,501,38,7,1
456,463,5,500,536,37,7,2
457,468,6,501,513,33,7,1
458,470,7,509,523,39,7,3
459,479,6,513,536,34,7,1
460,481,7,523,546,41,7,3
461,489,6,536,610,46,7,2
462,501,5,536,542,35,7,1
463,510,4,542,575,31,7,1
464,525,3,546,557,21,7,3
465,539,2,557,600,17,7,3
466,542,3,575,582,34,7,1
467,549,2,582,615,33,7,1
468,553,3,600,613,48,7,3
469,562,3,610,615,48,7,2
470,568,4,613,634,44,7,3
471,571,5,615,638,44,7,2
472,588,4,615,617,27,7,1
473,591,5,617,637,26,7,1
474,594,6,634,678,41,7,3
475,596,7,637,640,41,7,1
476,603,7,638,654,35,7,2
477,616,4,640,669,25,7,1
478,627,4,654,658,26,7,2
479,628,5,658,707,30,7,2
480,637,5,669,678,32,7,1
481,664,1,678,679,13,7,3
482,669,1,678,719,9,7,1
483,674,2,679,681,5,7,3
484,679,0,681,731,2,7,3
485,690,0,707,711,17,7,2
486,698,1,711,722,13,7,2
487,707,1,719,725,11,7,1
488,715,1,722,725,8,7,2
489,729,0,729,741,0,7,2
490,752,0,752,785,0,7,3
491,755,0,755,812,0,7,2
492,133,0,139,190,6,8,3
493,135,1,139,156,4,8,2
494,137,2,156,160,19,8,2
495,143,1,160,186,17,8,2
496,144,2,165,169,21,8,1
497,163,1,169,171,6,8,1
498,163,2,171,177,8,8,1
499,163,3,177,202,14,8,1
500,166,3,186,195,20,8,2
501,180,1,190,198,10,8,3
502,213,0,213,222,0,8,1
503,215,0,215,239,0,8,2
504,217,0,217,247,0,8,3
505,234,0,234,235,0,8,1
506,237,0,237,246,0,8,1
507,243,0,243,271,0,8,2
508,252,0,252,290,0,8,1
509,255,0,255,315,0,8,3
510,260,0,271,291,10,8,2
511,262,1,290,339,29,8,1
512,276,1,291,292,14,8,2
513,277,2,292,297,15,8,2
514,284,3,297,302,13,8,2
515,294,1,302,316,8,8,2
516,299,1,315,346,15,8,3
517,300,2,316,317,16,8,2
518,302,2,317,322,15,8,2
519,305,3,322,333,18,8,2
520,308,4,333,352,25,8,2
521,321,2,339,339,18,8,1
522,338,1,339,395,1,8,1
523,339,2,346,376,7,8,3
524,342,1,352,370,10,8,2
525,363,0,370,374,7,8,2
526,364,1,374,387,11,8,2
527,374,1,376,418,2,8,3
528,375,1,387,419,12,8,2
529,379,1,395,395,16,8,1
530,379,2,395,423,16,8,1
531,380,3,418,448,38,8,3
532,398,1,419,428,22,8,2
533,406,2,423,428,17,8,1
534,412,3,428,471,16,8,1
535,414,4,428,500,14,8,2
536,419,4,448,461,29,8,3
537,419,5,461,468,42,8,3
538,421,5,468,469,47,8,3
539,435,3,469,502,34,8,3
540,438,4,471,480,33,8,1
541,439,5,480,481,41,8,1
542,445,6,481,597,36,8,1
543,460,6,500,511,40,8,2
544,472,3,502,589,30,8,3
545,482,2,511,521,30,8,2
546,488,3,521,570,33,8,2
547,491,4,570,687,79,8,2
548,493,5,589,600,95,8,3
549,520,3,597,601,78,8,1
550,525,3,600,606,75,8,3
551,531,4,601,610,70,8,1
552,544,5,606,611,63,8,3
553,547,6,610,628,63,8,1
554,547,7,611,629,64,8,3
555,555,8,628,636,73,8,1
556,560,9,629,635,69,8,3
557,560,10,635,641,75,8,3
558,578,10,636,647,58,8,1
559,592,10,641,648,49,8,3
560,596,11,647,679,51,8,1
561,608,8,648,669,40,8,3
562,123,0,123,178,0,9,3
563,127,0,127,129,0,9,2
564,133,0,133,147,0,9,2
565,134,0,147,154,13,9,2
566,136,1,152,163,16,9,1
567,138,2,154,161,17,9,2
568,138,3,161,180,23,9,2
569,146,4,163,165,17,9,1
570,154,3,165,170,11,9,1
571,166,0,170,174,5,9,1
572,167,1,174,194,7,9,1
573,168,2,178,184,10,9,3
574,171,2,180,244,9,9,2
575,172,3,184,192,12,9,3
576,173,4,192,196,18,9,3
577,178,3,194,199,15,9,1
578,200,0,200,216,0,9,1
579,205,0,205,218,0,9,3
580,222,0,222,225,0,9,1
581,223,0,223,230,0,9,3
582,247,0,247,258,0,9,1
583,252,0,252,254,0,9,2
584,270,0,270,271,0,9,1
585,276,0,276,288,0,9,3
586,283,0,283,284,0,9,2
587,289,0,289,330,0,9,3
588,309,0,309,331,0,9,2
589,309,0,309,322,0,9,1
590,310,0,322,343,13,9,1
591,318,1,330,330,11,9,3
592,319,2,330,338,10,9,3
593,322,3,331,345,9,9,2
594,326,3,338,343,12,9,3
595,332,1,343,348,11,9,3
596,339,1,343,353,4,9,1
597,341,2,345,347,4,9,2
598,343,2,347,350,4,9,2
599,345,1,348,400,2,9,3
600,359,0,359,371,0,9,1
601,362,0,362,363,0,9,2
602,365,0,365,366,0,9,2
603,365,0,366,393,1,9,2
604,367,0,371,373,4,9,1
605,387,0,387,449,0,9,1
606,394,0,394,439,0,9,2
607,407,0,407,435,0,9,3
608,418,0,435,439,17,9,3
609,421,1,439,445,18,9,2
610,439,0,439,458,0,9,3
611,447,0,447,460,0,9,2
612,462,0,462,477,0,9,3
613,466,0,466,473,0,9,1
614,469,0,469,470,0,9,2
615,476,0,476,477,0,9,1
616,482,0,482,547,0,9,1
617,498,0,498,519,0,9,2
618,508,0,508,516,0,9,3
619,511,0,516,560,5,9,3
620,528,0,528,534,0,9,2
621,535,0,535,556,0,9,2
622,538,0,547,578,9,9,1
623,539,1,556,560,17,9,2
624,540,2,560,568,20,9,3
625,542,3,560,561,19,9,2
626,545,4,561,571,16,9,2
627,550,4,568,571,18,9,3
628,550,5,571,606,20,9,2
629,554,6,571,573,17,9,3
630,555,7,573,608,18,9,3
631,557,7,578,583,21,9,1
632,560,7,583,597,23,9,1
633,570,5,597,605,27,9,1
634,580,2,605,607,25,9,1
635,596,2,606,622,10,9,2
636,208,0,208,211,0,10,3
637,212,0,212,214,0,10,1
638,225,0,225,230,0,10,1
639,226,0,226,266,0,10,3
640,227,0,230,241,3,10,1
641,232,0,232,240,0,10,2
642,240,0,240,260,0,10,2
643,240,0,241,254,0,10,1
644,256,0,256,305,0,10,1
645,274,0,274,289,0,10,2
646,277,0,277,303,0,10,3
647,297,0,297,299,0,10,2
648,307,0,307,333,0,10,2
649,314,0,314,316,0,10,3
650,315,0,315,357,0,10,1
651,325,0,325,330,0,10,3
652,331,0,331,352,0,10,3
653,339,0,339,352,0,10,2
654,364,0,364,377,0,10,1
655,364,0,364,386,0,10,2
656,364,0,364,387,0,10,3
657,389,0,389,392,0,10,1
658,393,0,393,394,0,10,1
659,397,0,397,416,0,10,3
660,415,0,415,428,0,10,2
661,419,0,419,421,0,10,3
662,421,0,421,424,0,10,3
663,432,0,432,437,0,10,1
664,433,0,433,476,0,10,3
665,453,0,453,454,0,10,2
666,454,0,454,498,0,10,1
667,463,0,463,481,0,10,2
668,466,0,476,547,10,10,3
669,468,1,481,496,14,10,2
670,488,0,496,497,8,10,2
671,489,1,497,503,8,10,2
672,492,2,498,514,7,10,1
673,496,3,503,509,7,10,2
674,499,1,509,509,11,10,2
675,499,2,509,529,11,10,2
676,505,2,514,519,9,10,1
677,513,1,519,540,6,10,1
678,517,1,529,531,12,10,2
679,517,2,531,532,14,10,2
680,526,2,532,604,6,10,2
681,537,0,540,597,3,10,1
682,567,0,567,598,0,10,3
683,588,0,597,602,10,10,1
684,589,1,598,636,9,10,3
685,606,0,606,611,0,10,2
686,609,0,609,658,0,10,1
687,612,0,612,618,0,10,2
688,621,0,621,630,0,10,2
689,629,0,630,661,1,10,2
690,636,0,636,663,0,10,3
691,645,0,658,662,13,10,1
692,648,1,661,690,13,10,2
693,651,2,662,682,11,10,1
694,655,3,663,666,7,10,3
695,671,0,671,678,0,10,3
696,672,0,678,710,6,10,3
697,683,0,683,760,0,10,1
698,683,0,690,724,7,10,2
699,692,0,710,714,18,10,3
700,699,1,714,724,15,10,3
701,160,2,187,194,27,11,3
702,160,3,187,205,27,11,2
703,168,3,194,260,26,11,1
704,171,4,194,234,23,11,3
705,175,4,205,284,30,11,2
706,182,5,234,267,51,11,3
707,198,2,260,265,62,11,1
708,201,3,265,266,64,11,1
709,203,4,266,315,63,11,1
710,206,4,267,335,61,11,3
711,211,5,284,306,73,11,2
712,219,6,306,320,86,11,2
713,220,7,315,333,95,11,1
714,226,8,320,320,94,11,2
715,229,9,320,355,92,11,2
716,229,10,333,366,104,11,1
717,240,10,335,369,95,11,3
718,256,11,355,371,99,11,2
719,256,12,366,368,110,11,1
720,260,13,368,379,108,11,1
721,263,13,369,397,106,11,3
722,266,12,371,383,105,11,2
723,274,12,379,395,105,11,1
724,281,13,383,388,101,11,2
725,283,14,388,412,105,11,2
726,286,14,395,402,109,11,1
727,286,15,397,406,111,11,3
728,286,16,402,427,115,11,1
729,299,17,406,453,107,11,3
730,308,17,412,426,104,11,2
731,309,18,426,428,117,11,2
732,320,18,427,431,107,11,1
733,321,17,428,515,107,11,2
734,346,16,431,440,85,11,1
735,374,12,440,444,66,11,1
736,389,10,444,483,55,11,1
737,396,10,453,476,57,11,3
738,397,10,476,495,78,11,3
739,400,11,483,484,82,11,1
740,410,10,484,528,74,11,1
741,411,11,495,578,85,11,3
742,427,10,515,535,88,11,2
743,428,10,528,535,100,11,1
744,428,10,535,575,107,11,2
745,441,9,535,562,95,11,1
746,458,8,562,564,103,11,1
747,460,9,564,566,104,11,1
748,490,7,566,623,76,11,1
749,513,7,575,582,62,11,2
750,513,8,578,591,65,11,3
751,514,9,582,610,68,11,2
752,525,9,591,608,66,11,3
753,528,10,608,641,80,11,3
754,529,10,610,617,81,11,2
755,535,11,617,644,82,11,2
756,537,10,623,633,87,11,1
757,538,11,633,664,95,11,1
758,540,12,641,644,101,11,3
759,547,13,644,678,97,11,3
760,552,14,644,654,92,11,2
761,563,14,654,671,91,11,2
762,565,14,664,714,99,11,1
763,586,11,671,699,85,11,2
764,258,0,258,272,0,12,3
765,260,0,260,320,0,12,1
766,262,0,272,280,10,12,3
767,263,1,280,291,17,12,3
768,273,1,283,322,11,12,2
769,284,0,291,292,7,12,3
770,292,0,292,293,0,12,3
771,296,0,296,299,0,12,3
772,306,0,306,354,0,12,3
773,315,0,320,366,5,12,1
774,318,1,322,351,4,12,2
775,322,0,351,362,29,12,2
776,359,0,359,370,0,12,3
777,363,0,363,369,0,12,2
778,373,0,373,385,0,12,2
779,400,0,400,412,0,12,2
780,413,0,413,472,0,12,1
781,417,0,417,424,0,12,2
782,426,0,426,427,0,12,3
783,434,0,434,457,0,12,2
784,446,0,446,464,0,12,3
785,448,0,457,466,10,12,2
786,448,1,464,481,16,12,3
787,450,2,466,511,15,12,2
788,455,3,472,477,17,12,1
789,456,4,477,489,21,12,1
790,467,2,481,492,14,12,3
791,471,3,489,501,18,12,1
792,473,3,492,499,19,12,3
793,477,3,499,501,22,12,3
794,488,3,501,508,13,12,1
795,495,2,501,514,7,12,3
796,495,3,508,540,13,12,1
797,498,4,511,540,13,12,2
798,507,2,514,521,7,12,3
799,514,0,521,525,7,12,3
800,523,0,525,535,3,12,3
801,536,0,536,554,0,12,3
802,537,0,540,543,3,12,1
803,559,0,559,576,0,12,1
804,566,0,566,574,0,12,3
805,591,0,591,593,0,12,2
806,600,0,600,629,0,12,2
807,601,0,601,607,0,12,3
808,646,0,646,688,0,12,3
809,648,0,648,656,0,12,2
810,649,0,649,653,0,12,1
811,650,0,653,654,4,12,1
812,658,0,658,731,0,12,2
813,663,0,663,702,0,12,1
814,665,0,688,689,23,12,3
815,681,1,689,785,8,12,3
816,683,2,702,745,19,12,1
817,686,3,731,734,45,12,2
818,687,4,734,735,47,12,2
819,696,3,735,737,38,12,2
820,697,4,737,750,41,12,2
821,713,4,745,764,31,12,1
822,733,4,750,791,17,12,2
823,751,0,764,800,12,12,1
824,182,0,182,184,0,13,3
825,188,0,188,191,0,13,3
826,200,0,200,208,0,13,1
827,208,0,208,219,0,13,3
828,211,0,211,212,0,13,1
829,219,0,219,238,0,13,3
830,223,0,223,276,0,13,1
831,224,0,238,239,13,13,3
832,230,1,239,279,9,13,3
833,234,2,265,270,32,13,2
834,234,3,270,280,36,13,2
835,237,4,276,284,39,13,1
836,248,3,279,294,31,13,3
837,251,4,280,320,29,13,2
838,259,5,284,319,25,13,1
839,260,6,294,324,34,13,3
840,262,7,319,341,57,13,1
841,274,6,320,352,47,13,2
842,275,7,324,328,50,13,3
843,284,5,328,338,45,13,3
844,291,5,338,343,47,13,3
845,293,6,341,349,49,13,1
846,305,6,343,365,38,13,3
847,309,7,349,350,40,13,1
848,318,8,350,386,31,13,1
849,325,6,352,377,27,13,2
850,338,6,365,369,27,13,3
851,338,7,369,379,31,13,3
852,340,7,377,378,36,13,2
853,341,7,378,410,36,13,2
854,347,7,379,390,32,13,3
855,360,5,386,387,26,13,1
856,365,6,387,428,22,13,1
857,374,5,390,408,15,13,3
858,389,1,408,415,20,13,3
859,393,1,410,438,17,13,2
860,412,0,415,416,3,13,3
861,415,1,416,422,1,13,3
862,429,0,429,436,0,13,1
863,429,0,429,439,0,13,3
864,464,0,464,467,0,13,1
865,476,0,476,487,0,13,1
866,479,0,479,489,0,13,2
867,479,0,479,535,0,13,3
868,482,0,487,493,5,13,1
869,493,0,493,496,0,13,2
870,497,0,497,503,0,13,2
871,500,0,500,514,0,13,1
872,502,0,503,526,2,13,2
873,515,0,515,520,0,13,1
874,517,0,520,550,3,13,1
875,546,0,546,550,0,13,3
876,560,0,560,579,0,13,1
877,567,0,567,583,0,13,2
878,567,0,567,611,0,13,3
879,590,0,590,607,0,13,2
880,594,0,594,613,0,13,1
881,610,0,610,619,0,13,2
882,622,0,622,637,0,13,2
883,624,0,624,633,0,13,1
884,629,0,629,637,0,13,3
885,638,0,638,645,0,13,3
886,639,0,639,707,0,13,2
887,640,0,640,645,0,13,1
888,646,0,646,660,0,13,3
889,651,0,651,683,0,13,1
890,652,0,660,692,9,13,3
891,657,1,683,716,26,13,1
892,665,1,692,751,28,13,3
893,669,2,707,730,38,13,2
894,670,3,716,755,46,13,1
895,672,4,730,751,58,13,2
896,693,3,751,760,58,13,3
897,696,4,751,787,55,13,2
898,710,4,755,766,44,13,1
899,715,5,760,765,45,13,3
900,727,5,765,815,38,13,3
901,728,6,766,797,38,13,1
902,737,6,787,790,50,13,2
903,738,7,790,796,52,13,2
904,150,0,156,182,6,14,1
905,152,1,170,176,18,14,2
906,156,2,172,178,16,14,3
907,159,2,176,184,17,14,2
908,164,3,178,193,13,14,3
909,167,4,182,216,16,14,1
910,182,1,184,259,2,14,2
911,182,2,193,248,10,14,3
912,189,1,216,226,27,14,1
913,193,1,226,258,33,14,1
914,195,2,248,249,53,14,3
915,195,3,249,318,54,14,3
916,197,4,258,273,61,14,1
917,228,3,259,285,31,14,2
918,240,4,273,301,32,14,1
919,265,1,285,303,20,14,2
920,278,1,301,307,23,14,1
921,279,2,303,309,25,14,2
922,279,3,307,374,29,14,1
923,284,4,309,322,26,14,2
924,291,4,318,348,27,14,3
925,305,3,322,333,17,14,2
926,308,3,333,335,26,14,2
927,310,3,335,342,25,14,2
928,316,4,342,346,27,14,2
929,317,5,346,350,29,14,2
930,317,6,348,390,30,14,3
931,339,3,350,372,12,14,2
932,345,3,372,426,27,14,2
933,354,1,374,380,20,14,1
934,369,2,380,387,11,14,1
935,392,0,392,398,0,14,3
936,396,0,396,405,0,14,1
937,414,0,414,460,0,14,3
938,424,0,424,439,0,14,1
939,424,0,426,436,2,14,2
940,478,0,478,488,0,14,3
941,481,0,481,512,0,14,2
942,482,0,482,501,0,14,1
943,482,0,488,505,5,14,3
944,483,1,501,525,18,14,1
945,489,1,505,559,16,14,3
946,498,2,512,524,15,14,2
947,505,1,524,527,19,14,2
948,521,1,525,532,4,14,1
949,529,0,529,539,0,14,2
950,547,0,547,557,0,14,2
951,551,0,551,561,0,14,1
952,553,0,557,563,4,14,2
953,554,1,559,599,5,14,3
954,560,0,561,581,0,14,1
955,565,0,565,590,0,14,2
956,573,0,581,621,7,14,1
957,575,1,590,601,15,14,2
958,585,1,599,638,14,14,3
959,594,1,601,631,7,14,2
960,596,2,621,625,26,14,1
961,613,1,625,662,11,14,1
962,618,2,631,634,14,14,2
963,641,0,641,648,0,14,2
964,649,0,649,666,0,14,3
965,168,0,170,195,2,15,3
966,179,0,179,212,0,15,2
967,186,0,186,195,0,15,1
968,192,0,195,260,3,15,3
969,203,0,203,206,0,15,1
970,218,0,218,239,0,15,2
971,223,0,223,245,0,15,1
972,237,0,239,254,2,15,2
973,244,0,245,256,1,15,1
974,248,0,254,277,6,15,2
975,252,1,256,328,4,15,1
976,255,1,260,306,6,15,3
977,267,0,277,307,11,15,2
978,269,1,306,318,37,15,3
979,271,2,307,330,36,15,2
980,285,2,318,320,33,15,3
981,286,3,320,377,34,15,3
982,301,4,328,365,27,15,1
983,302,5,330,338,29,15,2
984,306,5,338,375,31,15,2
985,319,4,365,388,46,15,1
986,324,4,375,376,51,15,2
987,326,5,376,396,50,15,2
988,330,5,377,377,48,15,3
989,346,4,377,382,31,15,3
990,348,5,382,411,34,15,3
991,353,6,388,390,36,15,1
992,353,7,390,399,37,15,1
993,354,8,396,434,42,15,2
994,393,1,399,402,6,15,1
995,401,0,402,407,1,15,1
996,413,0,413,441,0,15,3
997,424,0,424,425,0,15,1
998,455,0,455,459,0,15,3
999,457,0,457,479,0,15,2
1000,490,0,490,512,0,15,2
1001,510,0,510,535,0,15,3
1002,511,0,511,542,0,15,1
1003,516,0,516,622,0,15,2
1004,516,0,535,558,19,15,3
1005,521,1,542,552,21,15,1
1006,522,2,552,562,30,15,1
1007,545,1,558,565,13,15,3
1008,547,2,562,565,15,15,1
1009,560,1,565,591,5,15,1
1010,574,0,574,619,0,15,3
1011,600,0,600,601,0,15,1
1012,606,0,606,612,0,15,1
1013,610,0,612,615,3,15,1
1014,615,0,615,620,0,15,1
1015,621,0,621,623,0,15,3
1016,636,0,636,649,0,15,3
1017,636,0,636,655,0,15,2
1018,636,0,636,670,0,15,1
1019,639,0,649,652,10,15,3
1020,640,1,652,652,12,15,3
1021,641,2,652,657,12,15,3
1022,648,3,655,685,8,15,2
1023,648,4,657,689,9,15,3
1024,650,4,670,674,21,15,1
1025,653,3,674,680,21,15,1
1026,659,2,680,688,21,15,1
1027,664,3,685,690,21,15,2
1028,664,4,688,704,24,15,1
1029,674,3,689,705,15,15,3
1030,674,4,690,703,16,15,2
1031,678,5,703,712,25,15,2
1032,111,2,113,143,3,16,2
1033,116,0,116,126,0,16,1
1034,120,0,126,147,6,16,1
1035,123,1,143,220,20,16,2
1036,133,1,147,187,14,16,1
1037,168,0,176,189,8,16,3
1038,169,1,187,213,18,16,1
1039,180,1,189,190,8,16,3
1040,184,2,190,219,6,16,3
1041,184,3,213,230,29,16,1
1042,188,3,219,221,31,16,3
1043,197,2,220,226,22,16,2
1044,205,3,221,263,15,16,3
1045,208,4,226,268,18,16,2
1046,217,4,230,243,13,16,1
1047,218,5,243,243,25,16,1
1048,219,5,243,248,24,16,1
1049,224,4,248,266,24,16,1
1050,229,4,263,279,34,16,3
1051,229,5,266,292,37,16,1
1052,235,5,268,309,33,16,2
1053,245,4,279,298,35,16,3
1054,246,5,292,299,47,16,1
1055,247,6,298,303,51,16,3
1056,247,7,299,312,52,16,1
1057,251,7,303,304,52,16,3
1058,255,8,304,315,49,16,3
1059,258,9,309,311,51,16,2
1060,276,7,311,362,35,16,2
1061,294,6,312,405,18,16,1
1062,304,4,315,318,11,16,3
1063,334,0,334,335,0,16,3
1064,366,0,366,419,0,16,3
1065,378,0,378,425,0,16,2
1066,380,0,405,406,25,16,1
1067,388,1,406,428,17,16,1
1068,407,0,419,425,12,16,3
1069,408,1,425,457,17,16,3
1070,408,2,425,426,17,16,2
1071,420,2,426,478,5,16,2
1072,425,3,428,447,3,16,1
1073,438,0,447,450,10,16,1
1074,454,0,454,491,0,16,1
1075,459,0,459,480,0,16,3
1076,461,0,478,507,18,16,2
1077,472,1,480,489,8,16,3
1078,496,0,496,505,0,16,1
1079,505,0,505,505,0,16,1
1080,505,0,505,515,0,16,1
1081,511,0,511,524,0,16,2
1082,512,0,512,562,0,16,3
1083,518,0,518,519,0,16,1
1084,520,0,520,521,0,16,1
1085,530,0,530,546,0,16,2
1086,533,0,533,577,0,16,1
1087,542,0,546,575,4,16,2
1088,552,0,562,563,10,16,3
1089,555,1,563,567,8,16,3
1090,568,0,568,601,0,16,3
1091,578,0,578,605,0,16,1
1092,579,0,579,605,0,16,2
1093,581,0,601,624,20,16,3
1094,585,1,605,633,20,16,2
1095,594,2,605,640,11,16,1
1096,598,3,624,667,26,16,3
1097,599,4,633,640,34,16,2
1098,604,4,640,657,36,16,2
1099,609,3,640,668,31,16,1
1100,612,4,657,658,45,16,2
1101,615,5,658,660,43,16,2
1102,619,6,660,702,42,16,2
1103,626,6,667,667,41,16,3
1104,634,6,667,686,33,16,3
1105,643,5,668,676,25,16,1
1106,120,9,191,199,71,17,2
1107,126,10,193,211,67,17,1
1108,128,11,199,223,71,17,2
1109,130,12,203,204,73,17,3
1110,139,10,204,258,65,17,3
1111,147,10,211,218,64,17,1
1112,148,11,218,236,70,17,1
1113,175,8,223,245,48,17,2
1114,180,8,236,238,55,17,1
1115,181,9,238,242,57,17,1
1116,184,10,242,250,58,17,1
1117,208,6,245,247,37,17,2
1118,234,4,247,301,14,17,2
1119,241,3,250,292,9,17,1
1120,244,3,258,277,13,17,3
1121,257,1,277,280,20,17,3
1122,286,0,286,289,0,17,3
1123,292,0,292,335,0,17,1
1124,317,0,317,325,0,17,3
1125,321,0,321,327,0,17,2
1126,328,0,328,408,0,17,2
1127,329,0,329,329,0,17,3
1128,345,0,345,348,0,17,3
1129,356,0,356,365,0,17,3
1130,370,0,370,380,0,17,1
1131,376,0,376,387,0,17,3
1132,390,0,390,425,0,17,3
1133,396,0,396,483,0,17,1
1134,401,0,408,413,7,17,2
1135,407,1,413,425,6,17,2
1136,409,1,425,482,16,17,3
1137,416,1,425,436,10,17,2
1138,426,0,436,437,10,17,2
1139,437,0,437,479,0,17,2
1140,452,0,479,491,27,17,2
1141,452,1,482,504,31,17,3
1142,463,2,483,489,20,17,1
1143,464,3,489,537,25,17,1
1144,467,4,491,532,24,17,2
1145,467,5,504,505,37,17,3
1146,482,5,505,509,23,17,3
1147,491,2,509,515,17,17,3
1148,492,3,515,552,23,17,3
1149,502,4,532,580,30,17,2
1150,512,2,537,550,26,17,1
1151,518,2,550,550,32,17,1
1152,519,3,550,653,30,17,1
1153,527,4,552,564,25,17,3
1154,534,4,564,584,30,17,3
1155,548,4,580,597,32,17,2
1156,555,2,584,611,29,17,3
1157,558,3,597,600,39,17,2
1158,568,3,600,608,32,17,2
1159,570,4,608,625,38,17,2
1160,578,5,611,617,33,17,3
1161,584,5,617,710,33,17,3
1162,586,5,625,634,39,17,2
1163,595,6,634,639,39,17,2
1164,602,5,639,645,37,17,2
1165,603,6,645,653,42,17,2
1166,609,6,653,665,44,17,2
1167,613,6,653,723,40,17,1
1168,617,6,665,671,48,17,2
1169,617,7,671,672,54,17,2
1170,626,7,672,690,46,17,2
1171,637,7,690,701,53,17,2
1172,172,1,182,205,10,18,2
1173,173,2,191,227,19,18,3
1174,173,3,205,221,32,18,2
1175,181,3,221,230,39,18,2
1176,183,3,222,237,40,18,1
1177,184,4,227,248,43,18,3
1178,185,5,230,233,45,18,2
1179,190,6,233,256,43,18,2
1180,194,6,237,242,43,18,1
1181,197,7,242,255,44,18,1
1182,202,8,248,259,46,18,3
1183,215,8,255,261,40,18,1
1184,217,9,256,261,39,18,2
1185,217,10,259,265,42,18,3
1186,230,7,261,284,30,18,2
1187,233,8,261,294,28,18,1
1188,239,7,265,318,26,18,3
1189,249,6,284,329,35,18,2
1190,251,7,294,304,43,18,1
1191,252,8,304,367,52,18,1
1192,252,9,318,329,67,18,3
1193,254,10,329,331,75,18,3
1194,266,5,329,342,63,18,2
1195,284,5,331,334,47,18,3
1196,313,4,334,341,21,18,3
1197,320,4,341,360,21,18,3
1198,329,4,342,354,13,18,2
1199,329,4,354,375,25,18,2
1200,335,3,360,392,25,18,3
1201,340,4,367,367,27,18,1
1202,347,3,367,371,20,18,1
1203,349,4,371,371,22,18,1
1204,357,4,371,375,14,18,1
1205,388,0,388,412,0,18,2
1206,409,0,409,441,0,18,1
1207,409,0,409,409,0,18,3
1208,418,0,418,434,0,18,2
1209,420,0,420,448,0,18,3
1210,431,0,434,443,3,18,2
1211,438,0,441,445,3,18,1
1212,453,0,453,464,0,18,3
1213,457,0,457,469,0,18,1
1214,463,0,463,471,0,18,2
1215,463,0,464,475,1,18,3
1216,476,0,476,547,0,18,1
1217,478,0,478,498,0,18,3
1218,485,0,485,490,0,18,2
1219,488,0,490,521,2,18,2
1220,509,0,509,540,0,18,3
1221,511,0,521,528,10,18,2
1222,514,1,528,538,14,18,2
1223,522,1,538,540,16,18,2
1224,524,2,540,553,16,18,3
1225,525,3,540,548,15,18,2
1226,526,4,547,564,21,18,1
1227,529,4,548,553,19,18,2
1228,545,2,553,564,8,18,3
1229,547,3,553,584,5,18,2
1230,548,2,564,577,15,18,1
1231,549,3,564,565,15,18,3
1232,549,4,565,568,16,18,3
1233,178,2,193,217,16,19,3
1234,196,0,202,223,6,19,1
1235,215,0,215,238,0,19,2
1236,244,0,244,252,0,19,3
1237,246,0,246,258,0,19,2
1238,261,0,261,321,0,19,1
1239,266,0,266,277,0,19,3
1240,266,0,266,293,0,19,2
1241,272,0,277,283,5,19,3
1242,275,1,283,298,7,19,3
1243,294,0,294,294,0,19,2
1244,302,0,302,304,0,19,3
1245,325,0,325,330,0,19,1
1246,326,0,326,328,0,19,2
1247,326,0,326,393,0,19,3
1248,333,0,333,339,0,19,2
1249,335,0,335,370,0,19,1
1250,346,0,346,353,0,19,2
1251,361,0,361,362,0,19,2
1252,364,0,364,368,0,19,2
1253,370,0,370,373,0,19,2
1254,373,0,373,378,0,19,1
1255,380,0,380,391,0,19,1
1256,384,0,384,387,0,19,2
1257,386,0,387,417,1,19,2
1258,397,0,397,406,0,19,1
1259,402,0,402,426,0,19,3
1260,414,0,414,427,0,19,1
1261,421,0,421,425,0,19,2
1262,430,0,430,432,0,19,3
1263,430,0,430,462,0,19,1
1264,433,0,433,477,0,19,3
1265,439,0,439,441,0,19,2
1266,447,0,447,487,0,19,2
1267,447,0,462,484,15,19,1
1268,454,1,477,489,23,19,3
1269,458,2,484,486,25,19,1
1270,476,2,486,500,10,19,1
1271,480,2,487,493,7,19,2
1272,490,0,490,518,0,19,3
1273,510,0,510,512,0,19,1
1274,516,0,516,580,0,19,1
1275,517,0,517,525,0,19,2
1276,534,0,534,569,0,19,3
1277,540,0,540,550,0,19,2
1278,547,0,550,551,3,19,2
1279,550,0,551,600,1,19,2
1280,553,0,569,581,17,19,3
1281,554,1,580,594,26,19,1
1282,575,1,581,582,6,19,3
1283,575,2,582,633,7,19,3
1284,577,3,594,594,17,19,1
1285,577,4,594,617,17,19,1
1286,580,4,600,630,20,19,2
1287,581,4,617,628,36,19,1
1288,582,5,628,660,46,19,1
1289,584,5,630,633,46,19,2
1290,584,6,633,676,49,19,2
1291,588,7,633,641,45,19,3
1292,604,5,641,644,38,19,3
1293,605,6,644,699,39,19,3
1294,607,7,660,661,54,19,1
1295,613,8,661,661,48,19,1
1296,630,6,661,686,31,19,1
1297,630,7,676,678,45,19,2
1298,636,6,678,721,42,19,2
1299,642,6,686,705,44,19,1
1300,647,6,699,714,52,19,3
1301,653,7,705,719,53,19,1
1302,658,8,714,719,56,19,3
1303,671,6,719,733,48,19,3
1304,677,6,719,751,42,19,1
1305,692,5,721,723,29,19,2
1306,710,4,723,744,13,19,2
1307,158,0,158,167,0,20,1
1308,159,0,167,195,8,20,1
1309,162,1,170,190,8,20,2
1310,163,2,185,201,23,20,3
1311,163,3,190,205,27,20,2
1312,166,4,195,258,29,20,1
1313,178,3,201,219,23,20,3
1314,182,4,205,222,23,20,2
1315,183,5,219,222,36,20,3
1316,189,5,222,255,33,20,3
1317,191,5,222,237,31,20,2
1318,199,5,237,240,38,20,2
1319,204,5,240,241,36,20,2
1320,209,5,241,255,32,20,2
1321,219,6,255,279,36,20,3
1322,230,4,255,273,25,20,2
1323,242,2,258,268,16,20,1
1324,243,3,268,273,25,20,1
1325,243,4,273,299,30,20,1
1326,257,3,273,318,16,20,2
1327,263,3,279,308,16,20,3
1328,265,4,299,300,35,20,1
1329,272,4,300,302,29,20,1
1330,282,2,302,314,20,20,1
1331,283,3,308,309,25,20,3
1332,288,4,309,336,21,20,3
1333,297,5,314,319,17,20,1
1334,311,1,318,326,8,20,2
1335,327,0,327,393,0,20,2
1336,328,0,328,351,0,20,1
1337,351,0,351,363,0,20,1
1338,356,0,356,364,0,20,3
1339,371,0,371,372,0,20,3
1340,381,0,381,404,0,20,3
1341,411,0,411,421,0,20,2
1342,418,0,418,471,0,20,3
1343,418,0,418,425,0,20,1
1344,419,0,421,443,2,20,2
1345,423,0,425,444,2,20,1
1346,444,0,444,499,0,20,1
1347,458,0,458,488,0,20,2
1348,458,0,471,471,12,20,3
1349,463,1,471,490,8,20,3
1350,466,2,488,513,22,20,2
1351,468,3,490,517,22,20,3
1352,469,4,499,520,31,20,1
1353,476,3,513,530,37,20,2
1354,483,4,517,533,34,20,3
1355,514,1,520,531,6,20,1
1356,525,0,530,535,5,20,2
1357,540,0,540,548,0,20,3
1358,552,0,552,552,0,20,2
1359,557,0,557,567,0,20,1
1360,566,0,566,589,0,20,2
1361,577,0,577,580,0,20,3
1362,585,0,585,589,0,20,3
1363,587,0,587,632,0,20,1
1364,588,0,589,590,0,20,3
1365,589,0,589,593,0,20,2
1366,607,0,607,614,0,20,3
1367,619,0,619,648,0,20,2
1368,630,0,630,633,0,20,3
1369,635,0,635,640,0,20,1
1370,638,0,638,686,0,20,3
1371,660,0,660,708,0,20,2
1372,662,0,662,664,0,20,1
1373,666,0,666,679,0,20,1
1374,684,0,684,700,0,20,1
1375,688,0,688,699,0,20,3
1376,688,0,699,708,11,20,3
1377,137,2,149,185,12,21,2
1378,139,3,161,175,22,21,3
1379,157,1,175,198,18,21,3
1380,167,1,185,286,18,21,2
1381,168,2,188,234,20,21,1
1382,175,3,198,209,24,21,3
1383,184,3,209,227,25,21,3
1384,193,2,227,233,35,21,3
1385,207,2,233,233,26,21,3
1386,209,2,233,260,24,21,3
1387,210,3,234,258,24,21,1
1388,217,4,258,347,42,21,1
1389,218,5,260,323,42,21,3
1390,224,6,286,314,62,21,2
1391,226,7,314,325,88,21,2
1392,238,4,323,352,85,21,3
1393,238,5,325,343,87,21,2
1394,239,6,343,347,104,21,2
1395,243,7,347,370,104,21,2
1396,247,8,347,362,100,21,1
1397,248,9,352,360,104,21,3
1398,257,10,360,400,103,21,3
1399,263,9,362,427,99,21,1
1400,264,10,370,405,106,21,2
1401,266,11,400,407,134,21,3
1402,268,12,405,421,137,21,2
1403,280,13,407,411,126,21,3
1404,287,13,411,435,123,21,3
1405,297,14,421,436,124,21,2
1406,298,15,427,430,129,21,1
1407,306,16,430,434,124,21,1
1408,319,16,434,442,115,21,1
1409,328,15,435,442,108,21,3
1410,334,16,436,523,102,21,2
1411,348,14,442,518,94,21,1
1412,367,12,442,452,75,21,3
1413,367,13,452,457,85,21,3
1414,390,13,457,483,66,21,3
1415,395,14,483,521,88,21,3
1416,396,15,518,537,122,21,1
1417,398,16,521,562,124,21,3
1418,410,14,523,554,113,21,2
1419,415,14,537,550,122,21,1
1420,426,14,550,589,124,21,1
1421,429,14,554,554,125,21,2
1422,431,14,554,566,123,21,2
1423,436,13,562,591,127,21,3
1424,454,10,566,582,112,21,2
1425,461,10,582,586,121,21,2
1426,464,11,586,633,121,21,2
1427,465,12,589,641,124,21,1
1428,503,12,591,614,88,21,3
1429,509,13,614,674,106,21,3
1430,511,14,633,640,122,21,2
1431,549,11,640,656,90,21,2
1432,553,11,641,659,89,21,1
1433,556,10,656,670,100,21,2
1434,561,11,659,685,99,21,1
1435,573,10,670,695,97,21,2
1436,578,11,674,677,97,21,3
1437,593,8,677,680,83,21,3
1438,609,9,680,686,70,21,3
1439,624,9,685,702,61,21,1
1440,637,9,686,765,50,21,3
1441,642,8,695,700,52,21,2
1442,643,9,700,705,57,21,2
1443,644,10,702,711,58,21,1
1444,646,11,705,726,58,21,2
1445,650,12,711,777,61,21,1
1446,675,9,726,728,51,21,2
1447,682,8,728,728,46,21,2
1448,121,3,143,164,22,22,3
1449,124,3,146,153,21,22,1
1450,129,4,153,165,24,22,1
1451,130,4,163,185,34,22,2
1452,135,5,164,176,29,22,3
1453,146,4,165,214,20,22,1
1454,158,3,176,258,18,22,3
1455,177,0,185,191,8,22,2
1456,184,1,191,220,7,22,2
1457,197,0,214,219,17,22,1
1458,201,1,219,223,18,22,1
1459,208,2,220,239,12,22,2
1460,209,3,223,242,14,22,1
1461,211,4,239,251,29,22,2
1462,214,5,242,284,28,22,1
1463,222,3,251,259,30,22,2
1464,223,3,258,281,34,22,3
1465,244,2,259,293,15,22,2
1466,253,2,281,292,28,22,3
1467,253,3,284,302,30,22,1
1468,255,4,292,295,38,22,3
1469,283,2,293,293,10,22,2
1470,283,3,293,312,11,22,2
1471,291,3,295,301,4,22,3
1472,297,0,301,324,4,22,3
1473,297,1,302,313,5,22,1
1474,300,2,312,316,12,22,2
1475,305,1,313,314,8,22,1
1476,319,0,319,327,0,22,2
1477,321,0,321,326,0,22,1
1478,325,0,325,360,0,22,3
1479,334,0,334,360,0,22,2
1480,356,0,356,380,0,22,1
1481,360,0,360,367,0,22,2
1482,371,0,371,378,0,22,3
1483,377,0,377,418,0,22,2
1484,389,0,389,416,0,22,3
1485,393,0,393,429,0,22,1
1486,396,0,416,431,20,22,3
1487,402,1,418,426,17,22,2
1488,408,2,426,433,18,22,2
1489,410,3,429,446,19,22,1
1490,412,4,431,446,19,22,3
1491,428,2,433,441,5,22,2
1492,431,2,441,446,10,22,2
1493,434,1,446,470,12,22,2
1494,452,0,452,453,0,22,3
1495,453,0,453,465,0,22,3
1496,455,0,455,496,0,22,1
1497,465,0,465,474,0,22,3
1498,471,0,471,475,0,22,2
1499,484,0,484,489,0,22,2
1500,495,0,495,531,0,22,3
1501,496,0,496,535,0,22,1
1502,499,0,499,505,0,22,2
1503,500,0,505,544,5,22,2
1504,505,1,531,556,26,22,3
1505,505,1,535,549,29,22,1
1506,510,2,544,555,34,22,2
1507,510,3,549,574,38,22,1
1508,515,4,555,570,40,22,2
1509,518,5,556,583,38,22,3
1510,520,6,570,582,50,22,2
1511,529,7,574,607,45,22,1
1512,548,5,582,588,34,22,2
1513,557,3,583,599,26,22,3
1514,569,4,588,611,19,22,2
1515,569,5,599,616,31,22,3
1516,575,4,607,678,32,22,1
1517,587,3,611,620,23,22,2
1518,589,3,616,621,28,22,3
1519,603,3,620,672,17,22,2
1520,604,4,621,625,17,22,3
1521,609,4,625,673,16,22,3
1522,612,4,672,673,60,22,2
1523,618,4,673,712,54,22,2
1524,127,3,147,166,20,23,1
1525,136,3,150,166,14,23,3
1526,140,3,153,157,12,23,2
1527,150,2,157,206,7,23,2
1528,156,1,166,181,10,23,3
1529,156,2,166,186,10,23,1
1530,184,0,184,210,0,23,3
1531,184,0,186,207,2,23,1
1532,185,1,206,214,21,23,2
1533,187,1,207,225,20,23,1
1534,194,2,210,214,16,23,3
1535,199,3,214,261,15,23,2
1536,217,0,217,226,0,23,3
1537,218,0,225,259,7,23,1
1538,222,1,226,249,4,23,3
1539,222,2,249,254,27,23,3
1540,222,3,254,273,32,23,3
1541,242,2,259,259,16,23,1
1542,243,3,259,269,16,23,1
1543,263,0,263,274,0,23,2
1544,264,0,269,345,5,23,1
1545,268,1,273,279,5,23,3
1546,270,1,274,291,5,23,2
1547,271,2,279,293,8,23,3
1548,272,3,291,337,19,23,2
1549,273,4,293,304,20,23,3
1550,275,3,304,304,29,23,3
1551,287,3,304,310,17,23,3
1552,312,0,312,316,0,23,3
1553,312,0,316,337,4,23,3
1554,323,0,337,436,14,23,2
1555,330,1,337,340,7,23,3
1556,336,2,340,363,4,23,3
1557,345,0,345,353,0,23,1
1558,354,0,354,405,0,23,1
1559,355,0,363,367,9,23,3
1560,364,0,367,440,3,23,3
1561,371,0,405,419,34,23,1
1562,391,1,419,472,28,23,1
1563,396,2,436,455,40,23,2
1564,400,3,440,454,40,23,3
1565,414,3,454,455,40,23,3
1566,416,4,455,489,39,23,3
1567,418,5,455,461,37,23,2
1568,425,5,461,499,36,23,2
1569,435,6,472,520,37,23,1
1570,442,5,489,491,47,23,3
1571,443,6,491,539,48,23,3
1572,451,7,499,509,48,23,2
1573,451,8,509,517,58,23,2
1574,453,9,517,526,64,23,2
1575,459,7,520,547,61,23,1
1576,462,7,526,544,64,23,2
1577,463,8,539,574,76,23,3
1578,471,9,544,561,73,23,2
1579,473,9,547,583,75,23,1
1580,477,10,561,583,85,23,2
1581,480,11,574,590,94,23,3
1582,482,12,583,588,101,23,1
1583,487,13,583,599,96,23,2
1584,490,13,588,591,98,23,1
1585,498,13,590,612,92,23,3
1586,520,10,591,676,72,23,1
1587,539,9,599,600,60,23,2
1588,541,10,600,604,59,23,2
1589,547,10,604,611,57,23,2
1590,550,10,611,624,61,23,2
1591,551,11,612,620,60,23,3
1592,564,11,620,641,57,23,3
1593,564,12,624,683,60,23,2
1594,567,13,641,655,74,23,3
1595,570,14,655,671,85,23,3
1596,584,12,671,704,87,23,3
1597,598,10,676,684,78,23,1
1598,608,8,683,688,76,23,2
1599,612,7,684,710,72,23,1
1600,116,4,146,148,31,24,3
1601,122,4,147,195,26,24,1
1602,125,5,148,179,23,24,3
1603,125,6,160,163,35,24,2
1604,126,6,163,173,36,24,2
1605,131,6,173,179,42,24,2
1606,139,7,179,189,40,24,3
1607,140,8,179,202,38,24,2
1608,150,5,189,259,39,24,3
1609,150,6,195,231,44,24,1
1610,151,7,202,285,51,24,2
1611,152,8,231,245,79,24,1
1612,156,9,245,247,89,24,1
1613,159,10,247,269,88,24,1
1614,160,10,259,267,99,24,3
1615,180,7,267,294,87,24,3
1616,188,8,269,273,81,24,1
1617,190,8,273,317,82,24,1
1618,191,9,285,287,94,24,2
1619,191,10,287,310,96,24,2
1620,198,10,294,303,95,24,3
1621,206,10,303,304,97,24,3
1622,215,11,304,305,89,24,3
1623,223,12,305,310,81,24,3
1624,229,13,310,311,81,24,3
1625,237,13,310,312,73,24,2
1626,253,12,311,325,59,24,3
1627,261,12,312,341,51,24,2
1628,270,11,317,327,47,24,1
1629,275,11,325,343,50,24,3
1630,280,12,327,408,48,24,1
1631,292,11,341,342,49,24,2
1632,302,11,342,358,40,24,2
1633,303,12,343,354,40,24,3
1634,305,11,354,389,49,24,3
1635,309,11,358,436,49,24,2
1636,312,8,389,412,77,24,3
1637,318,8,408,425,91,24,1
1638,321,9,412,424,92,24,3
1639,326,9,424,434,98,24,3
1640,327,10,425,448,98,24,1
1641,327,11,434,462,106,24,3
1642,341,11,436,468,96,24,2
1643,343,9,448,464,104,24,1
1644,350,10,462,463,112,24,3
1645,353,11,463,469,110,24,3
1646,364,10,464,472,100,24,1
1647,370,11,468,488,98,24,2
1648,396,11,469,516,72,24,3
1649,400,12,472,473,72,24,1
1650,401,13,473,488,72,24,1
1651,414,12,488,508,74,24,2
1652,417,13,488,508,72,24,1
1653,427,12,508,515,81,24,1
1654,433,13,508,516,75,24,2
1655,447,12,515,533,68,24,1
1656,450,12,516,521,66,24,2
1657,459,13,516,521,57,24,3
1658,465,11,521,535,57,24,2
1659,466,12,521,562,55,24,3
1660,471,11,533,536,61,24,1
1661,478,10,535,539,57,24,2
1662,478,11,536,537,57,24,1
1663,488,12,537,538,49,24,1
1664,500,11,538,541,38,24,1
1665,501,12,539,548,38,24,2
1666,504,13,541,543,37,24,1
1667,538,2,543,572,6,24,1
1668,540,2,548,583,8,24,2
1669,546,1,562,577,17,24,3
1670,548,1,572,606,24,24,1
1671,553,2,577,582,24,24,3
1672,562,3,582,635,20,24,3
1673,602,0,602,607,0,24,2
1674,131,1,143,151,12,25,1
1675,133,1,151,223,18,25,1
1676,145,1,163,168,18,25,2
1677,145,2,168,170,22,25,2
1678,153,2,170,173,17,25,2
1679,158,3,173,175,15,25,2
1680,169,2,174,191,4,25,3
1681,191,0,191,209,0,25,2
1682,198,0,198,226,0,25,3
1683,205,0,209,214,4,25,2
1684,208,1,214,234,6,25,2
1685,216,0,223,225,7,25,1
1686,216,1,225,247,10,25,1
1687,222,2,226,283,4,25,3
1688,224,2,234,240,10,25,2
1689,261,0,261,291,0,25,1
1690,276,0,276,289,0,25,2
1691,277,0,283,293,5,25,3
1692,289,0,289,289,0,25,2
1693,290,0,290,314,0,25,2
1694,298,0,298,309,0,25,1
1695,298,0,298,300,0,25,3
1696,305,0,305,308,0,25,3
1697,307,0,308,336,0,25,3
1698,322,0,322,336,0,25,2
1699,334,0,334,335,0,25,1
1700,337,0,337,352,0,25,1
1701,337,0,337,349,0,25,3
1702,348,0,348,349,0,25,2
1703,352,0,352,360,0,25,3
1704,365,0,365,374,0,25,3
1705,372,0,372,373,0,25,2
1706,373,0,373,405,0,25,2
1707,378,0,378,385,0,25,3
1708,391,0,391,396,0,25,3
1709,398,0,398,478,0,25,1
1710,411,0,411,479,0,25,2
1711,424,0,424,462,0,25,3
1712,429,0,462,530,34,25,3
1713,480,0,480,515,0,25,2
1714,486,0,486,493,0,25,1
1715,498,0,498,527,0,25,1
1716,498,0,515,531,17,25,2
1717,508,1,527,554,19,25,1
1718,514,2,530,535,16,25,3
1719,549,0,549,581,0,25,2
1720,572,0,572,599,0,25,3
1721,576,0,576,578,0,25,1
1722,581,0,581,605,0,25,2
1723,587,0,587,597,0,25,1
1724,591,0,597,606,6,25,1
1725,593,1,599,611,6,25,3
1726,599,1,605,631,7,25,2
1727,617,0,617,651,0,25,3
1728,622,0,622,625,0,25,1
1729,627,0,627,651,0,25,1
1730,629,0,631,632,2,25,2
1731,636,0,636,679,0,25,2
1732,668,0,668,675,0,25,1
1733,670,0,670,685,0,25,3
1734,677,0,677,697,0,25,1
1735,695,0,695,765,0,25,2
1736,701,0,701,703,0,25,3
1737,712,0,712,714,0,25,1
1738,714,0,714,715,0,25,3
1739,716,0,716,753,0,25,3
1740,200,1,229,258,29,26,1
1741,204,2,244,252,40,26,3
1742,205,3,252,258,47,26,3
1743,215,4,258,265,43,26,1
1744,230,3,258,276,28,26,3
1745,232,4,265,311,33,26,1
1746,233,5,267,277,34,26,2
1747,234,6,276,282,42,26,3
1748,238,7,277,288,39,26,2
1749,243,8,282,283,38,26,3
1750,247,8,283,288,37,26,3
1751,252,9,288,359,36,26,3
1752,275,5,288,294,14,26,2
1753,275,6,294,357,19,26,2
1754,286,3,311,324,25,26,1
1755,298,1,324,338,27,26,1
1756,299,2,338,372,39,26,1
1757,311,3,357,370,46,26,2
1758,319,3,359,372,40,26,3
1759,319,4,370,400,51,26,2
1760,320,5,372,399,52,26,3
1761,325,5,372,373,47,26,1
1762,326,6,373,383,47,26,1
1763,335,7,383,399,48,26,1
1764,347,7,399,454,52,26,3
1765,362,6,399,410,37,26,1
1766,378,3,400,452,22,26,2
1767,387,3,410,452,23,26,1
1768,419,0,452,494,33,26,2
1769,446,1,452,458,7,26,1
1770,456,0,456,468,0,26,3
1771,456,0,458,517,2,26,1
1772,461,0,468,515,7,26,3
1773,467,1,494,520,27,26,2
1774,472,1,515,533,43,26,3
1775,482,2,517,538,35,26,1
1776,490,3,520,573,29,26,2
1777,495,3,533,564,38,26,3
1778,497,4,538,566,41,26,1
1779,500,5,564,584,64,26,3
1780,513,6,566,601,53,26,1
1781,514,7,573,605,59,26,2
1782,516,7,584,587,68,26,3
1783,527,6,587,599,60,26,3
1784,530,7,599,661,69,26,3
1785,531,8,601,638,70,26,1
1786,537,8,605,619,67,26,2
1787,538,8,619,627,81,26,2
1788,539,9,627,679,89,26,2
1789,541,10,638,640,97,26,1
1790,547,11,640,697,94,26,1
1791,552,12,661,699,109,26,3
1792,563,13,679,679,116,26,2
1793,564,14,679,682,115,26,2
1794,565,14,682,684,117,26,2
1795,568,14,684,687,116,26,2
1796,584,14,687,690,103,26,2
1797,587,13,690,731,103,26,2
1798,590,14,697,712,107,26,1
1799,607,12,699,706,91,26,3
1800,169,0,182,207,14,27,2
1801,169,1,186,218,17,27,3
1802,174,2,207,217,33,27,2
1803,185,2,211,243,26,27,1
1804,192,2,217,243,25,27,2
1805,194,3,218,244,24,27,3
1806,211,2,243,264,32,27,2
1807,213,3,243,277,30,27,1
1808,218,2,244,254,26,27,3
1809,229,3,254,266,25,27,3
1810,232,4,264,269,33,27,2
1811,233,5,266,268,33,27,3
1812,234,6,268,289,34,27,3
1813,236,7,269,321,33,27,2
1814,238,8,277,298,39,27,1
1815,248,6,289,340,42,27,3
1816,252,7,298,318,46,27,1
1817,274,3,318,361,44,27,1
1818,279,3,321,333,42,27,2
1819,279,4,333,340,53,27,2
1820,280,5,340,383,60,27,3
1821,280,6,340,344,59,27,2
1822,294,6,344,345,50,27,2
1823,297,7,345,432,49,27,2
1824,297,8,361,364,64,27,1
1825,299,8,364,373,65,27,1
1826,300,9,373,373,73,27,1
1827,314,10,373,395,60,27,1
1828,327,9,383,389,56,27,3
1829,343,7,389,389,46,27,3
1830,346,6,389,423,43,27,3
1831,353,7,395,401,42,27,1
1832,367,6,401,425,35,27,1
1833,367,7,423,438,56,27,3
1834,379,6,425,429,46,27,1
1835,398,3,429,433,31,27,1
1836,402,3,432,435,30,27,2
1837,405,4,433,442,28,27,1
1838,406,5,435,468,29,27,2
1839,421,6,438,443,17,27,3
1840,425,5,442,468,16,27,1
1841,443,0,443,444,0,27,3
1842,444,0,444,445,0,27,3
1843,448,0,448,449,0,27,3
1844,463,0,463,502,0,27,3
1845,467,0,468,528,1,27,2
1846,479,0,479,492,0,27,1
1847,484,0,492,504,9,27,1
1848,495,0,502,503,6,27,3
1849,497,1,503,516,7,27,3
1850,504,0,504,508,0,27,1
1851,505,0,508,515,3,27,1
1852,508,0,515,520,7,27,1
1853,517,0,517,529,0,27,3
1854,519,0,520,521,1,27,1
1855,528,0,528,547,0,27,1
1856,529,0,529,532,0,27,2
1857,529,0,529,537,0,27,3
1858,530,0,532,533,3,27,2
1859,532,1,533,535,1,27,2
1860,114,6,173,176,59,28,2
1861,121,7,176,200,56,28,2
1862,125,8,200,217,75,28,2
1863,126,9,217,228,91,28,2
1864,130,10,228,250,98,28,2
1865,138,9,242,244,104,28,1
1866,140,9,244,274,105,28,1
1867,150,8,250,274,99,28,2
1868,156,9,255,288,99,28,3
1869,160,10,274,291,114,28,2
1870,160,11,274,288,114,28,1
1871,160,12,288,305,127,28,3
1872,168,13,288,317,120,28,1
1873,172,13,291,337,119,28,2
1874,184,12,305,307,121,28,3
1875,221,11,307,315,86,28,3
1876,223,12,315,359,92,28,3
1877,227,13,317,424,89,28,1
1878,235,13,337,339,102,28,2
1879,251,11,339,347,88,28,2
1880,254,12,347,355,94,28,2
1881,256,12,355,356,99,28,2
1882,257,13,356,374,100,28,2
1883,259,14,359,394,99,28,3
1884,284,13,374,383,90,28,2
1885,284,14,383,398,99,28,2
1886,286,15,394,396,108,28,3
1887,294,13,396,414,102,28,3
1888,298,14,398,401,100,28,2
1889,300,15,401,426,101,28,2
1890,301,16,414,436,113,28,3
1891,311,15,424,486,113,28,1
1892,311,16,426,432,114,28,2
1893,313,17,432,446,119,28,2
1894,313,18,436,486,122,28,3
1895,329,17,446,451,117,28,2
1896,338,17,451,452,114,28,2
1897,340,17,452,459,111,28,2
1898,342,18,459,459,117,28,2
1899,356,17,459,520,104,28,2
1900,361,16,486,486,124,28,1
1901,370,17,486,555,116,28,1
1902,371,18,486,488,115,28,3
1903,374,18,488,493,113,28,3
1904,384,18,493,510,109,28,3
1905,399,16,510,533,111,28,3
1906,401,17,520,582,119,28,2
1907,406,17,533,560,127,28,3
1908,410,18,555,561,145,28,1
1909,419,18,560,572,141,28,3
1910,420,19,561,592,142,28,1
1911,430,18,572,587,142,28,3
1912,432,19,582,633,150,28,2
1913,433,19,587,587,154,28,3
1914,455,16,587,588,132,28,3
1915,456,17,588,656,132,28,3
1916,467,16,592,603,125,28,1
1917,476,17,603,620,127,28,1
1918,484,18,620,631,136,28,1
1919,499,14,631,698,133,28,1
1920,506,15,633,727,128,28,2
1921,518,15,656,666,137,28,3
1922,519,16,666,673,147,28,3
1923,531,16,673,843,141,28,3
1924,538,16,698,699,159,28,1
1925,540,17,699,736,159,28,1
1926,564,15,727,728,163,28,2
1927,570,16,728,732,158,28,2
1928,570,17,732,737,162,28,2
1929,579,17,736,736,157,28,1
1930,587,15,736,771,149,28,1
1931,597,14,737,746,140,28,2
1932,599,15,746,815,147,28,2
1933,599,16,771,776,171,28,1
1934,155,5,244,254,89,29,3
1935,156,6,249,293,93,29,2
1936,156,7,254,266,97,29,3
1937,158,8,266,325,109,29,3
1938,170,8,278,306,108,29,1
1939,171,9,293,380,122,29,2
1940,172,10,306,310,133,29,1
1941,177,11,310,329,133,29,1
1942,184,12,325,354,141,29,3
1943,184,13,329,332,144,29,1
1944,203,14,332,368,129,29,1
1945,205,15,354,404,149,29,3
1946,206,16,368,413,161,29,1
1947,208,17,380,406,172,29,2
1948,210,18,404,413,195,29,3
1949,212,19,406,529,194,29,2
1950,217,20,413,423,196,29,1
1951,220,21,413,434,193,29,3
1952,229,20,423,424,194,29,1
1953,260,16,424,426,164,29,1
1954,274,16,426,437,152,29,1
1955,276,17,434,436,158,29,3
1956,281,17,436,443,155,29,3
1957,281,18,437,438,156,29,1
1958,303,18,438,452,135,29,1
1959,306,18,443,464,137,29,3
1960,308,19,452,476,143,29,1
1961,314,19,464,486,149,29,3
1962,335,17,476,492,142,29,1
1963,348,18,486,491,138,29,3
1964,361,18,491,565,130,29,3
1965,387,17,492,527,105,29,1
1966,389,18,527,585,138,29,1
1967,390,19,529,540,139,29,2
1968,410,18,540,589,130,29,2
1969,428,14,565,567,137,29,3
1970,441,11,567,584,126,29,3
1971,448,11,584,599,136,29,3
1972,450,12,585,596,135,29,1
1973,460,12,589,597,129,29,2
1974,463,13,596,616,134,29,1
1975,470,13,597,611,128,29,2
1976,488,12,599,603,112,29,3
1977,496,11,603,614,106,29,3
1978,498,12,611,636,113,29,2
1979,513,13,614,615,101,29,3
1980,516,14,615,627,100,29,3
1981,517,15,616,619,99,29,1
1982,522,16,619,621,97,29,1
1983,537,15,621,643,84,29,1
1984,538,16,627,653,89,29,3
1985,553,16,636,641,84,29,2
1986,562,17,641,652,79,29,2
1987,580,16,643,648,63,29,1
1988,582,17,648,677,66,29,1
1989,582,18,652,661,69,29,2
1990,594,16,653,658,59,29,3
1991,597,16,658,687,61,29,3
1992,600,15,661,667,60,29,2
1993,605,15,667,670,62,29,2
1994,627,10,670,682,43,29,2
1995,630,10,677,734,47,29,1
1996,634,11,682,715,48,29,2
1997,643,9,687,688,44,29,3
1998,644,10,688,725,44,29,3
1999,657,8,715,774,58,29,2
2000,658,9,725,745,67,29,3
2001,662,8,734,780,72,29,1
2002,673,7,745,770,72,29,3
2003,686,6,770,772,84,29,3
2004,714,5,772,773,58,29,3
2005,152,0,152,177,0,30,2
2006,162,0,164,167,2,30,1
2007,174,0,174,184,0,30,3
2008,180,0,180,193,0,30,2
2009,190,0,190,219,0,30,1
2010,200,0,200,237,0,30,2
2011,204,0,204,237,0,30,3
2012,214,0,219,238,5,30,1
2013,217,1,237,253,20,30,2
2014,247,0,247,264,0,30,3
2015,252,0,252,253,0,30,1
2016,257,0,257,260,0,30,1
2017,258,0,258,269,0,30,2
2018,259,0,260,268,1,30,1
2019,266,0,266,310,0,30,3
2020,269,0,269,282,0,30,1
2021,277,0,277,303,0,30,2
2022,282,0,282,294,0,30,1
2023,291,0,294,295,3,30,1
2024,295,0,295,309,0,30,1
2025,314,0,314,316,0,30,3
2026,329,0,329,338,0,30,1
2027,341,0,341,347,0,30,3
2028,353,0,353,357,0,30,3
2029,362,0,362,362,0,30,1
2030,370,0,370,383,0,30,2
2031,372,0,372,378,0,30,1
2032,376,0,376,406,0,30,3
2033,376,0,378,385,2,30,1
2034,384,0,384,404,0,30,2
2035,401,0,401,418,0,30,1
2036,403,0,404,456,1,30,2
2037,405,0,406,432,1,30,3
2038,407,0,418,426,10,30,1
2039,417,1,426,433,9,30,1
2040,424,1,432,436,8,30,3
2041,424,2,433,435,8,30,1
2042,425,3,435,451,11,30,1
2043,444,0,444,447,0,30,3
2044,449,0,449,454,0,30,3
2045,453,0,453,454,0,30,1
2046,459,0,459,465,0,30,2
2047,465,0,465,490,0,30,3
2048,468,0,468,475,0,30,2
2049,471,0,471,488,0,30,1
2050,480,0,480,553,0,30,2
2051,504,0,504,505,0,30,3
2052,506,0,506,570,0,30,1
2053,514,0,514,527,0,30,3
2054,523,0,527,539,4,30,3
2055,527,1,539,572,12,30,3
2056,531,1,553,562,22,30,2
2057,540,1,562,565,22,30,2
2058,547,2,565,572,18,30,2
2059,564,1,570,648,6,30,1
2060,573,0,573,590,0,30,2
2061,579,0,579,602,0,30,3
2062,595,0,595,600,0,30,2
2063,600,0,600,612,0,30,2
2064,625,0,625,633,0,30,2
2065,187,0,187,193,0,31,3
2066,189,0,189,190,0,31,1
2067,193,0,193,200,0,31,1
2068,201,0,201,203,0,31,1
2069,206,0,206,209,0,31,1
2070,207,0,207,211,0,31,3
2071,229,0,229,252,0,31,1
2072,240,0,240,242,0,31,2
2073,252,0,252,282,0,31,2
2074,252,0,252,257,0,31,1
2075,253,0,253,257,0,31,3
2076,256,0,257,269,1,31,3
2077,261,0,261,306,0,31,1
2078,270,0,270,277,0,31,3
2079,271,0,277,283,6,31,3
2080,279,0,282,290,3,31,2
2081,288,0,288,330,0,31,3
2082,299,0,299,299,0,31,2
2083,300,0,300,316,0,31,2
2084,301,0,306,324,5,31,1
2085,303,1,316,343,12,31,2
2086,313,1,324,381,11,31,1
2087,324,1,330,353,6,31,3
2088,328,1,343,361,15,31,2
2089,329,2,353,376,24,31,3
2090,342,2,361,374,20,31,2
2091,342,3,374,442,31,31,2
2092,344,3,376,382,32,31,3
2093,349,4,381,383,32,31,1
2094,354,4,382,386,28,31,3
2095,356,5,383,392,27,31,1
2096,357,6,386,398,29,31,3
2097,369,6,392,401,23,31,1
2098,373,7,398,426,25,31,3
2099,374,7,401,413,26,31,1
2100,376,7,413,438,37,31,1
2101,382,6,426,434,44,31,3
2102,384,6,434,434,49,31,3
2103,388,6,434,437,46,31,3
2104,403,4,437,438,35,31,3
2105,421,4,438,451,17,31,3
2106,421,5,438,466,17,31,1
2107,421,6,442,447,21,31,2
2108,422,7,447,459,25,31,2
2109,424,8,451,471,27,31,3
2110,431,8,459,459,28,31,2
2111,438,6,459,465,22,31,2
2112,440,5,465,505,26,31,2
2113,445,5,466,480,21,31,1
2114,451,5,471,516,21,31,3
2115,457,5,480,495,23,31,1
2116,459,6,495,528,36,31,1
2117,475,2,505,509,29,31,2
2118,485,2,509,545,24,31,2
2119,488,3,516,518,28,31,3
2120,493,4,518,521,25,31,3
2121,493,5,521,587,28,31,3
2122,503,5,528,535,24,31,1
2123,506,5,535,542,29,31,1
2124,509,6,542,542,33,31,1
2125,511,6,542,560,31,31,1
2126,515,7,545,556,29,31,2
2127,529,4,556,627,27,31,2
2128,532,5,560,583,29,31,1
2129,534,6,583,586,48,31,1
2130,542,6,586,589,44,31,1
2131,554,4,587,606,34,31,3
2132,561,3,589,604,28,31,1
2133,564,4,604,612,39,31,1
2134,565,5,606,624,41,31,3
2135,569,6,612,630,43,31,1
2136,191,0,191,229,0,32,2
2137,196,0,196,201,0,32,1
2138,205,0,205,260,0,32,1
2139,209,0,211,250,2,32,3
2140,210,1,229,300,19,32,2
2141,210,2,250,269,40,32,3
2142,258,0,260,265,2,32,1
2143,273,0,273,318,0,32,3
2144,274,0,274,281,0,32,1
2145,277,0,281,293,3,32,1
2146,293,0,293,330,0,32,1
2147,305,0,305,362,0,32,2
2148,313,0,318,320,5,32,3
2149,315,1,320,337,5,32,3
2150,320,0,330,414,10,32,1
2151,321,1,337,382,15,32,3
2152,323,2,362,369,39,32,2
2153,338,1,369,372,31,32,2
2154,339,2,372,377,32,32,2
2155,348,3,377,387,30,32,2
2156,354,4,382,413,28,32,3
2157,376,2,387,387,11,32,2
2158,378,2,387,394,10,32,2
2159,391,0,394,419,3,32,2
2160,394,0,413,425,19,32,3
2161,397,1,414,448,17,32,1
2162,412,2,419,444,7,32,2
2163,414,2,425,446,12,32,3
2164,432,0,444,458,12,32,2
2165,434,1,446,450,12,32,3
2166,435,2,448,472,13,32,1
2167,441,3,450,457,10,32,3
2168,441,4,457,461,16,32,3
2169,441,5,458,464,16,32,2
2170,451,2,461,465,10,32,3
2171,462,0,464,485,2,32,2
2172,462,1,465,496,3,32,3
2173,471,0,472,481,0,32,1
2174,483,0,483,512,0,32,1
2175,488,0,488,507,0,32,2
2176,497,0,497,556,0,32,3
2177,497,0,507,517,10,32,2
2178,501,1,512,520,11,32,1
2179,517,0,517,520,0,32,2
2180,523,0,523,528,0,32,1
2181,528,0,528,536,0,32,2
2182,534,0,534,555,0,32,1
2183,543,0,543,558,0,32,2
2184,544,0,555,564,12,32,1
2185,548,1,556,603,8,32,3
2186,558,0,558,585,0,32,2
2187,559,0,564,573,5,32,1
2188,569,0,573,584,5,32,1
2189,571,1,584,588,13,32,1
2190,590,0,590,595,0,32,2
2191,595,0,595,611,0,32,1
2192,596,0,596,610,0,32,2
2193,614,0,614,616,0,32,1
2194,623,0,623,653,0,32,2
2195,624,0,624,630,0,32,3
2196,627,0,627,642,0,32,1
2197,631,0,631,649,0,32,3
2198,649,0,649,657,0,32,1
2199,678,0,678,681,0,32,2
2200,698,0,698,738,0,32,3
2201,718,0,718,733,0,32,2
2202,724,0,724,737,0,32,1
2203,756,0,756,823,0,32,1
2204,778,0,778,822,0,32,3
2205,781,0,781,805,0,32,2
2206,782,0,805,819,23,32,2
2207,794,1,819,855,25,32,2
2208,823,0,823,830,0,32,3
2209,824,0,824,833,0,32,1
2210,157,0,159,227,2,33,2
2211,157,1,162,176,6,33,3
2212,162,1,176,202,14,33,3
2213,168,1,194,206,27,33,1
2214,182,1,202,218,20,33,3
2215,183,2,206,220,23,33,1
2216,184,3,218,245,34,33,3
2217,192,4,220,231,28,33,1
2218,196,4,227,251,31,33,2
2219,208,3,231,280,24,33,1
2220,224,2,245,274,20,33,3
2221,228,2,251,269,22,33,2
2222,235,2,269,272,34,33,2
2223,246,2,272,288,26,33,2
2224,252,2,274,293,22,33,3
2225,254,3,280,282,26,33,1
2226,257,4,282,305,25,33,1
2227,260,5,288,289,29,33,2
2228,260,6,289,294,29,33,2
2229,264,7,293,343,30,33,3
2230,269,7,294,310,24,33,2
2231,274,6,305,314,30,33,1
2232,280,7,310,312,30,33,2
2233,296,2,312,333,16,33,2
2234,300,3,314,333,14,33,1
2235,302,4,333,339,31,33,2
2236,303,5,333,336,30,33,1
2237,307,5,336,371,29,33,1
2238,331,3,339,410,7,33,2
2239,333,3,343,378,10,33,3
2240,339,1,371,376,32,33,1
2241,345,1,376,444,31,33,1
2242,360,2,378,402,19,33,3
2243,369,3,402,426,33,33,3
2244,369,4,410,506,41,33,2
2245,375,4,426,437,52,33,3
2246,383,3,437,472,54,33,3
2247,383,4,444,448,61,33,1
2248,389,5,448,455,59,33,1
2249,393,6,455,470,62,33,1
2250,404,6,470,475,66,33,1
2251,408,7,472,475,63,33,3
2252,410,8,475,520,65,33,3
2253,420,8,475,486,55,33,1
2254,445,6,486,489,41,33,1
2255,453,6,489,497,36,33,1
2256,456,6,497,500,41,33,1
2257,488,2,500,506,12,33,1
2258,493,2,506,509,13,33,1
2259,495,3,506,534,11,33,2
2260,498,3,509,576,11,33,1
2261,500,4,520,526,21,33,3
2262,503,4,526,532,22,33,3
2263,506,3,532,533,26,33,3
2264,511,3,533,555,23,33,3
2265,522,3,534,582,12,33,2
2266,529,3,555,561,26,33,3
2267,540,1,561,604,21,33,3
2268,540,2,576,602,35,33,1
2269,544,3,582,608,38,33,2
2270,548,4,602,630,54,33,1
2271,552,5,604,618,53,33,3
2272,556,5,608,623,52,33,2
2273,559,6,618,619,59,33,3
2274,566,6,619,641,53,33,3
2275,591,5,623,624,33,33,2
2276,638,0,638,645,0,33,2
2277,639,0,639,640,0,33,1
2278,655,0,655,667,0,33,2
2279,655,0,655,680,0,33,3
2280,659,0,659,706,0,33,1
2281,663,0,667,679,4,33,2
2282,679,0,679,683,0,33,2
2283,684,0,684,760,0,33,3
2284,695,0,695,718,0,33,2
2285,696,0,706,718,10,33,1
2286,713,0,718,729,5,33,2
2287,717,1,718,728,2,33,1
2288,731,0,731,748,0,33,1
2289,155,0,155,159,0,34,3
2290,157,0,159,172,2,34,3
2291,159,0,159,171,0,34,2
2292,160,0,171,240,11,34,2
2293,165,1,172,191,7,34,3
2294,168,2,172,173,5,34,1
2295,168,3,173,179,5,34,1
2296,171,3,179,227,7,34,1
2297,178,1,191,203,13,34,3
2298,192,0,203,224,11,34,3
2299,198,1,224,270,26,34,3
2300,214,1,227,251,13,34,1
2301,214,2,240,266,26,34,2
2302,214,3,251,260,37,34,1
2303,218,4,260,281,43,34,1
2304,228,3,266,284,38,34,2
2305,228,4,270,297,42,34,3
2306,232,5,281,372,49,34,1
2307,238,6,284,288,46,34,2
2308,256,5,288,340,33,34,2
2309,265,5,297,362,32,34,3
2310,268,5,340,346,71,34,2
2311,271,5,346,362,75,34,2
2312,291,3,362,376,71,34,3
2313,307,3,362,373,55,34,2
2314,309,4,372,387,63,34,1
2315,325,5,373,400,47,34,2
2316,326,6,376,393,51,34,3
2317,327,7,387,402,61,34,1
2318,330,8,393,416,63,34,3
2319,333,9,400,448,68,34,2
2320,339,10,402,415,64,34,1
2321,352,9,415,422,63,34,1
2322,361,10,416,425,55,34,3
2323,365,9,422,438,57,34,1
2324,436,0,436,439,0,34,3
2325,437,0,438,439,1,34,1
2326,442,0,442,456,0,34,3
2327,445,0,445,460,0,34,1
2328,447,0,448,463,1,34,2
2329,448,0,456,493,8,34,3
2330,452,1,460,481,8,34,1
2331,466,0,466,468,0,34,2
2332,466,0,468,481,1,34,2
2333,474,0,481,487,7,34,2
2334,477,1,481,539,4,34,1
2335,490,0,490,503,0,34,2
2336,497,0,497,501,0,34,3
2337,502,0,502,533,0,34,3
2338,526,0,526,529,0,34,2
2339,532,0,532,537,0,34,2
2340,534,0,534,547,0,34,3
2341,549,0,549,554,0,34,1
2342,551,0,551,565,0,34,3
2343,552,0,552,593,0,34,2
2344,552,0,554,570,2,34,1
2345,557,0,565,570,8,34,3
2346,557,1,570,575,13,34,1
2347,587,0,587,599,0,34,3
2348,591,0,591,608,0,34,1
2349,607,0,607,609,0,34,2
2350,608,0,608,635,0,34,3
2351,609,0,609,644,0,34,1
2352,612,0,612,612,0,34,2
2353,618,0,618,633,0,34,2
2354,621,0,633,645,12,34,2
2355,123,1,143,149,20,35,1
2356,139,1,145,154,6,35,2
2357,158,0,158,162,0,35,1
2358,159,0,159,169,0,35,2
2359,167,0,167,185,0,35,3
2360,167,0,167,184,0,35,1
2361,170,0,170,188,0,35,2
2362,177,0,184,271,8,35,1
2363,194,0,194,201,0,35,3
2364,201,0,201,223,0,35,3
2365,203,0,203,204,0,35,2
2366,203,0,204,260,1,35,2
2367,214,0,223,248,9,35,3
2368,219,1,248,316,29,35,3
2369,221,2,260,265,39,35,2
2370,229,2,265,274,36,35,2
2371,251,2,271,336,20,35,1
2372,272,0,274,284,2,35,2
2373,283,0,284,290,2,35,2
2374,291,0,291,299,0,35,2
2375,300,0,300,328,0,35,2
2376,316,0,316,324,0,35,3
2377,321,0,324,326,3,35,3
2378,339,0,339,344,0,35,2
2379,345,0,345,350,0,35,1
2380,349,0,349,389,0,35,2
2381,352,0,352,407,0,35,3
2382,355,0,355,356,0,35,1
2383,358,0,358,369,0,35,1
2384,368,0,369,373,1,35,1
2385,399,0,399,401,0,35,1
2386,402,0,402,462,0,35,1
2387,421,0,421,435,0,35,2
2388,440,0,440,442,0,35,2
2389,442,0,442,477,0,35,3
2390,450,0,450,475,0,35,2
2391,454,0,462,499,8,35,1
2392,457,1,475,476,18,35,2
2393,470,1,476,476,6,35,2
2394,488,0,488,509,0,35,2
2395,502,0,502,528,0,35,3
2396,514,0,514,529,0,35,2
2397,517,0,517,562,0,35,1
2398,531,0,531,533,0,35,2
2399,538,0,538,543,0,35,2
2400,546,0,546,551,0,35,2
2401,550,0,550,560,0,35,3
2402,556,0,556,571,0,35,2
2403,567,0,567,594,0,35,3
2404,578,0,578,613,0,35,2
2405,590,0,590,663,0,35,1
2406,599,0,599,616,0,35,3
2407,605,0,613,621,7,35,2
2408,608,1,616,672,7,35,3
2409,609,2,621,698,12,35,2
2410,612,3,663,681,51,35,1
2411,638,1,672,701,34,35,3
2412,647,2,681,698,34,35,1
2413,648,3,698,719,49,35,1
2414,650,4,698,706,48,35,2
2415,651,5,701,715,50,35,3
2416,660,6,706,722,47,35,2
2417,662,7,715,730,52,35,3
2418,665,7,719,720,54,35,1
2419,667,8,720,729,53,35,1
2420,671,9,722,804,51,35,2
2421,703,5,729,741,26,35,1
2422,743,0,743,760,0,35,1
2423,747,0,747,781,0,35,3
2424,748,0,760,818,11,35,1
2425,757,1,781,781,24,35,3
2426,759,2,781,782,22,35,3
2427,790,0,790,791,0,35,3
2428,144,6,196,207,52,36,1
2429,146,7,207,214,61,36,1
2430,153,6,211,216,58,36,2
2431,168,6,214,215,46,36,1
2432,171,7,215,222,44,36,1
2433,187,6,216,219,29,36,2
2434,191,6,219,250,28,36,2
2435,197,6,219,227,22,36,3
2436,202,7,222,234,20,36,1
2437,206,8,227,229,21,36,3
2438,211,8,229,275,18,36,3
2439,212,8,234,248,22,36,1
2440,214,9,248,260,35,36,1
2441,218,7,250,266,31,36,2
2442,224,5,260,262,36,36,1
2443,226,6,262,267,37,36,1
2444,233,5,266,268,33,36,2
2445,240,5,267,285,27,36,1
2446,242,6,268,276,26,36,2
2447,263,3,275,295,13,36,3
2448,274,1,276,302,2,36,2
2449,276,0,285,296,8,36,1
2450,278,1,295,340,17,36,3
2451,283,2,296,310,13,36,1
2452,287,2,302,308,16,36,2
2453,289,3,308,333,19,36,2
2454,292,4,310,314,18,36,1
2455,295,5,314,314,19,36,1
2456,299,4,314,319,15,36,1
2457,304,4,319,355,15,36,1
2458,315,1,333,339,18,36,2
2459,328,1,339,361,11,36,2
2460,354,0,354,373,0,36,3
2461,371,0,371,372,0,36,2
2462,396,0,396,401,0,36,2
2463,397,0,397,453,0,36,1
2464,410,0,410,427,0,36,2
2465,420,0,420,471,0,36,3
2466,423,0,427,439,4,36,2
2467,425,1,439,455,13,36,2
2468,431,1,453,456,23,36,1
2469,433,2,455,457,22,36,2
2470,435,3,456,463,21,36,1
2471,447,3,457,488,10,36,2
2472,461,0,463,493,3,36,1
2473,461,1,471,498,9,36,3
2474,466,1,488,529,23,36,2
2475,467,2,493,497,26,36,1
2476,467,3,497,514,30,36,1
2477,483,3,498,526,14,36,3
2478,495,2,514,541,20,36,1
2479,503,1,526,575,23,36,3
2480,507,2,529,582,22,36,2
2481,507,3,541,607,34,36,1
2482,508,4,575,604,67,36,3
2483,510,5,582,587,72,36,2
2484,519,5,587,606,68,36,2
2485,527,5,604,637,77,36,3
2486,530,5,606,614,76,36,2
2487,531,6,607,609,75,36,1
2488,547,6,609,668,62,36,1
2489,548,7,614,622,66,36,2
2490,548,8,622,670,74,36,2
2491,560,9,637,648,77,36,3
2492,563,10,648,667,85,36,3
2493,566,11,667,732,101,36,3
2494,577,11,668,675,91,36,1
2495,578,12,670,721,92,36,2
2496,594,11,675,679,81,36,1
2497,600,12,679,700,79,36,1
2498,616,8,700,714,83,36,1
2499,659,6,714,716,55,36,1
2500,661,7,716,718,54,36,1
2501,671,5,718,730,47,36,1
2502,672,6,721,742,50,36,2
2503,686,5,730,768,45,36,1
2504,692,6,732,736,40,36,3
2505,701,6,736,741,36,36,3
2506,710,7,741,746,31,36,3
2507,721,5,742,744,21,36,2
2508,163,2,182,191,20,37,3
2509,168,2,191,193,22,37,3
2510,169,3,193,243,24,37,3
2511,169,4,211,280,42,37,2
2512,191,2,222,242,31,37,1
2513,201,2,242,246,41,37,1
2514,203,3,243,265,40,37,3
2515,211,3,246,248,35,37,1
2516,216,4,248,288,32,37,1
2517,220,5,265,281,45,37,3
2518,226,5,280,307,54,37,2
2519,226,6,281,298,55,37,3
2520,233,7,288,316,55,37,1
2521,234,8,298,312,64,37,3
2522,236,9,307,313,70,37,2
2523,253,6,312,314,59,37,3
2524,286,4,313,316,27,37,2
2525,286,5,314,320,28,37,3
2526,298,4,316,318,18,37,2
2527,314,2,316,329,3,37,1
2528,325,0,325,361,0,37,3
2529,328,0,328,335,0,37,2
2530,335,0,335,336,0,37,2
2531,337,0,337,345,0,37,2
2532,342,0,342,377,0,37,1
2533,358,0,358,409,0,37,2
2534,364,0,364,377,0,37,3
2535,366,0,377,406,11,37,3
2536,372,1,377,381,4,37,1
2537,373,2,381,409,9,37,1
2538,388,0,406,420,18,37,3
2539,394,1,409,439,15,37,1
2540,401,2,409,415,9,37,2
2541,402,3,415,427,14,37,2
2542,405,4,420,439,15,37,3
2543,409,3,427,470,18,37,2
2544,420,1,439,451,19,37,1
2545,430,1,439,465,9,37,3
2546,438,2,451,460,14,37,1
2547,447,1,460,514,13,37,1
2548,453,1,465,470,12,37,3
2549,459,2,470,525,11,37,3
2550,469,1,470,535,1,37,2
2551,471,0,514,515,43,37,1
2552,477,1,515,552,38,37,1
2553,490,2,525,526,35,37,3
2554,510,3,526,575,16,37,3
2555,513,4,535,564,22,37,2
2556,515,3,552,571,37,37,1
2557,531,2,564,585,33,37,2
2558,537,2,571,580,34,37,1
2559,537,3,575,610,38,37,3
2560,554,3,580,583,26,37,1
2561,574,2,583,610,9,37,1
2562,581,1,585,594,4,37,2
2563,585,0,594,665,9,37,2
2564,597,0,610,621,12,37,1
2565,598,1,610,612,12,37,3
2566,620,0,620,622,0,37,3
2567,627,0,627,635,0,37,1
2568,629,0,629,634,0,37,3
2569,631,0,634,635,2,37,3
2570,645,0,645,668,0,37,1
2571,653,0,653,688,0,37,3
2572,673,0,673,688,0,37,2
2573,681,0,681,699,0,37,1
2574,692,0,692,721,0,37,3
2575,697,0,697,697,0,37,2
2576,704,0,704,738,0,37,1
2577,121,0,121,125,0,38,1
2578,123,0,125,133,2,38,2
2579,133,0,133,146,0,38,2
2580,138,0,138,153,0,38,3
2581,155,0,155,157,0,38,1
2582,160,0,160,163,0,38,2
2583,161,0,161,206,0,38,3
2584,164,0,164,181,0,38,2
2585,165,0,165,166,0,38,1
2586,171,0,171,180,0,38,1
2587,171,0,180,214,8,38,1
2588,171,1,181,221,10,38,2
2589,176,2,206,209,29,38,3
2590,176,3,209,246,33,38,3
2591,186,2,214,278,27,38,1
2592,189,3,221,268,32,38,2
2593,191,4,246,314,55,38,3
2594,192,5,268,273,76,38,2
2595,204,6,273,274,69,38,2
2596,212,5,274,278,61,38,2
2597,218,5,278,282,60,38,1
2598,218,6,278,291,60,38,2
2599,222,6,282,295,60,38,1
2600,225,7,291,296,66,38,2
2601,225,8,295,329,70,38,1
2602,229,9,296,336,67,38,2
2603,235,10,314,337,79,38,3
2604,246,10,329,345,82,38,1
2605,247,11,336,362,89,38,2
2606,256,12,337,341,82,38,3
2607,256,13,341,367,85,38,3
2608,259,14,345,364,85,38,1
2609,265,15,362,404,98,38,2
2610,278,11,364,373,86,38,1
2611,284,11,367,372,83,38,3
2612,287,12,372,409,85,38,3
2613,287,13,373,374,86,38,1
2614,296,11,374,392,78,38,1
2615,308,12,392,440,84,38,1
2616,319,12,404,422,84,38,2
2617,328,13,409,414,81,38,3
2618,341,11,414,419,73,38,3
2619,344,11,419,421,75,38,3
2620,354,11,421,433,67,38,3
2621,399,5,422,451,23,38,2
2622,401,6,433,446,32,38,3
2623,408,6,440,458,32,38,1
2624,417,5,446,497,29,38,3
2625,421,4,451,467,30,38,2
2626,424,4,458,471,33,38,1
2627,430,5,467,483,37,38,2
2628,435,5,471,475,35,38,1
2629,439,6,475,492,37,38,1
2630,451,5,483,520,32,38,2
2631,460,4,492,497,31,38,1
2632,467,5,497,549,30,38,3
2633,472,4,497,515,25,38,1
2634,494,2,515,527,22,38,1
2635,497,1,520,546,23,38,2
2636,498,2,527,596,29,38,1
2637,500,3,546,588,46,38,2
2638,511,4,549,566,39,38,3
2639,512,5,566,570,54,38,3
2640,517,5,570,589,53,38,3
2641,522,5,588,610,67,38,2
2642,522,6,589,630,66,38,3
2643,531,6,596,604,65,38,1
2644,544,7,604,616,60,38,1
2645,563,6,610,616,47,38,2
2646,566,6,616,620,49,38,1
2647,576,6,616,676,40,38,2
2648,162,1,187,197,24,39,1
2649,170,2,187,280,17,39,3
2650,173,3,189,220,17,39,2
2651,179,3,197,221,18,39,1
2652,179,4,220,234,40,39,2
2653,185,5,221,254,37,39,1
2654,196,3,234,238,39,39,2
2655,210,3,238,274,28,39,2
2656,224,2,254,265,30,39,1
2657,233,3,265,278,33,39,1
2658,238,2,274,321,36,39,2
2659,240,3,278,345,38,39,1
2660,249,4,280,281,31,39,3
2661,251,5,281,305,30,39,3
2662,268,4,305,344,36,39,3
2663,274,4,321,342,47,39,2
2664,278,5,342,372,65,39,2
2665,291,3,344,358,53,39,3
2666,292,4,345,347,53,39,1
2667,294,5,347,385,53,39,1
2668,305,6,358,363,53,39,3
2669,318,6,363,365,45,39,3
2670,330,6,365,385,35,39,3
2671,335,7,372,398,37,39,2
2672,335,8,385,396,50,39,1
2673,347,6,385,402,38,39,3
2674,348,6,396,406,48,39,1
2675,352,7,398,405,46,39,2
2676,356,8,402,404,46,39,3
2677,368,6,404,405,37,39,3
2678,371,7,405,405,34,39,3
2679,379,7,405,444,26,39,2
2680,387,6,405,424,18,39,3
2681,402,5,406,408,4,39,1
2682,403,5,408,411,5,39,1
2683,416,0,416,425,0,39,1
2684,416,0,424,447,9,39,3
2685,434,0,434,451,0,39,1
2686,440,0,444,449,4,39,2
2687,443,1,447,529,4,39,3
2688,447,1,449,450,3,39,2
2689,449,1,450,457,1,39,2
2690,474,0,474,476,0,39,1
2691,484,0,484,492,0,39,1
2692,485,0,485,486,0,39,2
2693,487,0,487,491,0,39,2
2694,491,0,491,498,0,39,2
2695,496,0,496,504,0,39,1
2696,496,0,498,575,1,39,2
2697,509,0,509,527,0,39,1
2698,511,0,527,532,16,39,1
2699,521,1,529,532,8,39,3
2700,522,2,532,545,10,39,1
2701,527,2,532,562,5,39,3
2702,530,2,545,579,14,39,1
2703,543,1,562,567,19,39,3
2704,550,1,567,608,17,39,3
2705,557,2,575,596,18,39,2
2706,577,0,579,581,2,39,1
2707,577,1,581,604,4,39,1
2708,582,0,596,606,14,39,2
2709,586,1,604,606,18,39,1
2710,591,2,606,623,16,39,2
2711,592,3,606,622,15,39,1
2712,592,4,608,610,16,39,3
2713,593,5,610,620,17,39,3
2714,594,6,620,623,27,39,3
2715,600,6,622,623,23,39,1
2716,603,7,623,638,21,39,1
2717,607,5,623,664,16,39,2
2718,609,5,623,642,14,39,3
2719,627,0,638,662,11,39,1
2720,148,6,167,190,19,40,3
2721,177,0,177,183,0,40,1
2722,178,0,178,184,0,40,2
2723,182,0,183,194,1,40,1
2724,183,1,184,197,1,40,2
2725,184,1,190,197,6,40,3
2726,189,1,194,209,5,40,1
2727,199,0,199,243,0,40,2
2728,202,0,202,223,0,40,3
2729,203,0,209,241,7,40,1
2730,206,1,223,248,18,40,3
2731,215,1,241,251,26,40,1
2732,218,2,243,253,25,40,2
2733,240,2,248,267,8,40,3
2734,250,0,251,300,2,40,1
2735,253,0,253,263,0,40,2
2736,273,0,273,309,0,40,2
2737,278,0,278,290,0,40,3
2738,279,0,290,296,11,40,3
2739,293,0,296,302,3,40,3
2740,299,0,300,304,2,40,1
2741,315,0,315,344,0,40,2
2742,333,0,333,387,0,40,3
2743,350,0,350,368,0,40,2
2744,358,0,358,365,0,40,1
2745,362,0,365,367,3,40,1
2746,377,0,377,396,0,40,1
2747,383,0,383,395,0,40,2
2748,392,0,392,406,0,40,3
2749,393,0,395,405,2,40,2
2750,396,0,396,402,0,40,1
2751,398,0,402,433,4,40,1
2752,399,1,405,411,6,40,2
2753,411,0,411,416,0,40,3
2754,431,0,431,445,0,40,2
2755,456,0,456,458,0,40,1
2756,456,0,456,476,0,40,2
2757,469,0,469,474,0,40,1
2758,486,0,486,510,0,40,1
2759,501,0,501,511,0,40,3
2760,503,0,503,518,0,40,2
2761,507,0,510,557,3,40,1
2762,518,0,518,550,0,40,3
2763,519,0,519,527,0,40,2
2764,522,0,527,530,5,40,2
2765,532,0,532,537,0,40,2
2766,541,0,541,545,0,40,2
2767,548,0,548,577,0,40,2
2768,559,0,559,560,0,40,3
2769,561,0,561,564,0,40,1
2770,568,0,568,576,0,40,1
2771,578,0,578,600,0,40,2
2772,590,0,590,634,0,40,3
2773,591,0,591,602,0,40,1
2774,598,0,600,629,2,40,2
2775,598,1,602,605,4,40,1
2776,601,1,605,617,4,40,1
2777,601,2,617,649,15,40,1
2778,608,1,629,639,20,40,2
2779,609,2,634,657,25,40,3
2780,615,3,639,645,24,40,2
2781,619,3,645,686,26,40,2
2782,634,2,649,664,15,40,1
2783,639,3,657,660,18,40,3
2784,653,1,660,698,7,40,3
2785,654,2,664,694,10,40,1
2786,191,0,191,221,0,41,1
2787,193,0,195,206,2,41,3
2788,207,0,207,222,0,41,3
2789,208,0,221,236,13,41,1
2790,219,1,222,225,3,41,3
2791,238,0,238,308,0,41,2
2792,244,0,244,249,0,41,1
2793,252,0,252,297,0,41,1
2794,264,0,264,270,0,41,3
2795,274,0,274,281,0,41,3
2796,298,0,298,316,0,41,3
2797,308,0,308,334,0,41,1
2798,311,0,311,334,0,41,2
2799,312,0,316,320,5,41,3
2800,316,1,320,325,4,41,3
2801,324,0,325,364,1,41,3
2802,332,0,334,335,1,41,1
2803,333,1,334,492,1,41,2
2804,348,0,348,356,0,41,1
2805,349,0,356,369,7,41,1
2806,359,0,364,385,4,41,3
2807,366,0,369,389,2,41,1
2808,369,0,385,421,17,41,3
2809,378,1,389,403,11,41,1
2810,379,2,403,405,24,41,1
2811,389,2,405,410,16,41,1
2812,396,2,410,417,14,41,1
2813,412,0,417,425,5,41,1
2814,431,0,431,441,0,41,3
2815,434,0,434,441,0,41,1
2816,435,0,441,442,6,41,3
2817,448,0,448,464,0,41,1
2818,481,0,481,481,0,41,3
2819,488,0,488,492,0,41,3
2820,497,0,497,562,0,41,1
2821,505,0,505,506,0,41,3
2822,507,0,507,518,0,41,2
2823,514,0,514,533,0,41,3
2824,540,0,540,614,0,41,2
2825,544,0,544,547,0,41,3
2826,553,0,553,573,0,41,3
2827,555,0,562,577,7,41,1
2828,565,0,573,588,8,41,3
2829,570,1,577,581,7,41,1
2830,572,2,581,604,9,41,1
2831,584,0,588,590,4,41,3
2832,588,0,590,614,2,41,3
2833,594,0,604,606,10,41,1
2834,606,0,606,626,0,41,1
2835,614,0,614,623,0,41,3
2836,615,0,615,691,0,41,2
2837,620,0,623,643,3,41,3
2838,625,0,626,633,0,41,1
2839,627,0,633,678,7,41,1
2840,639,0,643,650,4,41,3
2841,649,0,650,688,1,41,3
2842,656,0,678,694,22,41,1
2843,663,1,688,694,24,41,3
2844,665,2,691,718,26,41,2
2845,670,3,694,699,23,41,3
2846,687,3,694,719,7,41,1
2847,698,0,699,703,1,41,3
2848,702,0,703,713,1,41,3
2849,706,0,713,750,7,41,3
2850,712,1,718,718,6,41,2
2851,718,1,718,720,0,41,2
2852,719,0,719,720,1,41,1
2853,155,2,186,234,31,42,1
2854,178,2,234,281,56,42,1
2855,181,3,250,276,69,42,2
2856,184,3,276,283,92,42,2
2857,187,3,281,302,95,42,1
2858,201,4,283,328,82,42,2
2859,201,5,302,305,101,42,1
2860,202,6,302,326,101,42,3
2861,204,7,305,320,101,42,1
2862,219,8,320,332,101,42,1
2863,229,9,326,326,97,42,3
2864,231,10,326,341,96,42,3
2865,233,11,328,357,94,42,2
2866,240,11,332,335,92,42,1
2867,245,12,335,344,90,42,1
2868,246,13,341,345,94,42,3
2869,248,14,344,399,95,42,1
2870,255,14,345,350,90,42,3
2871,262,15,350,353,89,42,3
2872,264,16,353,364,89,42,3
2873,269,17,357,391,88,42,2
2874,280,17,364,385,84,42,3
2875,295,16,385,405,90,42,3
2876,298,17,391,472,93,42,2
2877,316,15,399,446,84,42,1
2878,317,16,405,425,88,42,3
2879,318,17,425,447,107,42,3
2880,328,14,446,456,118,42,1
2881,331,15,447,553,116,42,3
2882,345,12,456,504,111,42,1
2883,364,8,472,491,108,42,2
2884,366,9,491,494,125,42,2
2885,366,10,494,519,128,42,2
2886,372,11,504,520,132,42,1
2887,385,12,519,584,134,42,2
2888,426,8,520,529,94,42,1
2889,439,9,529,549,91,42,1
2890,447,9,549,586,103,42,1
2891,447,10,553,555,106,42,3
2892,458,9,555,588,97,42,3
2893,462,10,584,613,122,42,2
2894,465,11,586,599,121,42,1
2895,478,11,588,602,110,42,3
2896,506,9,599,604,93,42,1
2897,510,10,602,661,91,42,3
2898,520,10,604,613,85,42,1
2899,520,11,613,685,93,42,1
2900,527,11,613,645,87,42,2
2901,531,11,645,655,114,42,2
2902,535,12,655,660,120,42,2
2903,535,13,660,672,125,42,2
2904,549,14,661,679,112,42,3
2905,553,14,672,717,119,42,2
2906,553,15,679,679,126,42,3
2907,564,14,679,699,115,42,3
2908,566,15,685,696,119,42,1
2909,568,16,696,731,128,42,1
2910,569,17,699,719,130,42,3
2911,573,18,717,756,144,42,2
2912,577,19,719,724,142,42,3
2913,579,20,724,803,145,42,3
2914,584,20,731,744,147,42,1
2915,594,19,744,766,149,42,1
2916,607,17,756,756,148,42,2
2917,623,16,756,799,134,42,2
2918,623,17,766,774,142,42,1
2919,631,18,774,780,142,42,1
2920,632,19,780,784,149,42,1
2921,634,20,784,786,151,42,1
2922,644,21,786,856,142,42,1
2923,648,21,799,806,150,42,2
2924,666,19,803,811,137,42,3
2925,673,19,806,818,132,42,2
2926,680,18,811,815,130,42,3
2927,106,0,106,168,0,43,2
2928,151,0,151,152,0,43,1
2929,154,0,154,163,0,43,1
2930,157,0,157,186,0,43,3
2931,163,0,163,179,0,43,1
2932,169,0,169,185,0,43,2
2933,185,0,185,186,0,43,2
2934,191,0,191,194,0,43,1
2935,199,0,199,217,0,43,1
2936,200,0,200,223,0,43,3
2937,223,0,223,226,0,43,2
2938,230,0,230,288,0,43,2
2939,230,0,230,292,0,43,1
2940,234,0,234,243,0,43,3
2941,238,0,243,250,5,43,3
2942,252,0,252,271,0,43,3
2943,257,0,271,305,14,43,3
2944,257,1,288,296,31,43,2
2945,280,1,292,326,12,43,1
2946,285,2,296,301,11,43,2
2947,285,3,301,316,16,43,2
2948,296,1,305,315,8,43,3
2949,318,0,318,321,0,43,2
2950,321,0,321,321,0,43,3
2951,326,0,326,370,0,43,3
2952,329,0,329,351,0,43,2
2953,343,0,343,346,0,43,1
2954,344,0,346,427,2,43,1
2955,356,0,356,371,0,43,2
2956,358,0,370,402,13,43,3
2957,365,1,371,376,7,43,2
2958,376,0,376,390,0,43,2
2959,377,0,390,472,13,43,2
2960,377,1,402,419,25,43,3
2961,407,0,419,426,13,43,3
2962,416,1,426,456,10,43,3
2963,434,0,434,469,0,43,1
2964,444,0,456,462,12,43,3
2965,446,1,462,493,17,43,3
2966,450,2,469,480,19,43,1
2967,456,2,472,482,15,43,2
2968,459,3,480,515,21,43,1
2969,459,4,482,509,23,43,2
2970,464,4,493,513,29,43,3
2971,467,5,509,555,42,43,2
2972,467,6,513,517,46,43,3
2973,471,6,515,543,44,43,1
2974,477,6,517,520,40,43,3
2975,478,7,520,569,42,43,3
2976,482,6,543,548,61,43,1
2977,484,7,548,557,64,43,1
2978,489,8,555,562,67,43,2
2979,511,7,557,558,46,43,1
2980,514,7,558,593,44,43,1
2981,516,7,562,581,45,43,2
2982,528,6,569,613,41,43,3
2983,531,7,581,594,50,43,2
2984,534,8,593,614,59,43,1
2985,548,8,594,595,47,43,2
2986,548,9,595,599,47,43,2
2987,553,9,599,622,46,43,2
2988,560,7,613,627,53,43,3
2989,580,6,614,625,34,43,1
2990,588,6,622,625,34,43,2
2991,597,4,625,645,28,43,1
2992,604,4,625,666,21,43,2
2993,612,5,627,645,16,43,3
2994,612,6,645,698,32,43,1
2995,617,5,645,650,28,43,3
2996,619,6,650,677,31,43,3
2997,625,5,666,698,41,43,2
2998,633,4,677,712,44,43,3
2999,665,2,698,699,33,43,1
3000,665,3,698,716,33,43,2
3001,672,3,699,731,27,43,1
3002,686,3,712,715,26,43,3
3003,698,4,715,726,18,43,3
3004,163,0,163,165,0,44,2
3005,180,0,180,181,0,44,1
3006,197,0,197,208,0,44,2
3007,206,0,206,230,0,44,3
3008,207,0,207,211,0,44,1
3009,226,0,226,261,0,44,2
3010,231,0,231,236,0,44,1
3011,245,0,245,273,0,44,3
3012,257,0,257,268,0,44,1
3013,263,0,263,276,0,44,2
3014,267,0,268,285,1,44,1
3015,267,1,273,285,5,44,3
3016,284,0,284,297,0,44,2
3017,288,0,288,289,0,44,1
3018,307,0,307,311,0,44,2
3019,311,0,311,347,0,44,1
3020,327,0,327,357,0,44,2
3021,328,0,328,377,0,44,3
3022,357,0,357,372,0,44,1
3023,358,0,358,373,0,44,2
3024,362,0,372,373,11,44,1
3025,367,1,373,376,6,44,2
3026,368,2,373,378,5,44,1
3027,378,0,378,396,0,44,3
3028,385,0,385,392,0,44,2
3029,388,0,388,417,0,44,1
3030,393,0,393,427,0,44,2
3031,412,0,412,414,0,44,3
3032,413,0,414,429,1,44,3
3033,415,0,417,424,2,44,1
3034,420,0,424,444,3,44,1
3035,422,1,427,432,4,44,2
3036,429,0,429,440,1,44,3
3037,429,1,432,500,3,44,2
3038,437,0,440,473,4,44,3
3039,443,0,444,460,1,44,1
3040,444,1,460,500,16,44,1
3041,444,1,473,497,29,44,3
3042,452,2,497,523,44,44,3
3043,460,3,500,502,41,44,1
3044,469,3,500,526,31,44,2
3045,479,3,502,525,23,44,1
3046,508,0,523,546,15,44,3
3047,522,1,525,539,3,44,1
3048,546,0,546,582,0,44,2
3049,571,0,571,575,0,44,3
3050,573,0,573,583,0,44,1
3051,579,0,579,581,0,44,3
3052,580,0,581,583,0,44,3
3053,584,0,584,589,0,44,3
3054,596,0,596,654,0,44,1
3055,605,0,605,610,0,44,3
3056,609,0,609,616,0,44,2
3057,610,0,610,616,0,44,3
3058,626,0,626,658,0,44,2
3059,632,0,632,663,0,44,3
3060,640,0,654,665,13,44,1
3061,647,1,658,660,11,44,2
3062,653,2,660,663,7,44,2
3063,666,0,666,668,0,44,1
3064,705,0,705,712,0,44,2
3065,708,0,708,726,0,44,3
3066,711,0,711,726,0,44,1
3067,711,0,712,718,0,44,2
3068,711,1,718,730,7,44,2
3069,715,1,726,753,10,44,1
3070,720,1,726,729,6,44,3
3071,728,0,729,739,1,44,3
3072,731,0,731,740,0,44,2
3073,739,0,739,787,0,44,3
3074,750,0,750,751,0,44,2
3075,765,0,765,767,0,44,2
3076,106,1,119,127,13,45,1
3077,107,2,124,163,17,45,3
3078,129,0,129,179,0,45,1
3079,133,0,138,141,6,45,2
3080,139,0,141,159,3,45,2
3081,139,1,159,192,20,45,2
3082,142,1,163,169,21,45,3
3083,150,2,169,171,20,45,3
3084,154,3,171,177,17,45,3
3085,156,4,177,208,21,45,3
3086,160,4,179,197,19,45,1
3087,161,5,192,195,32,45,2
3088,162,6,195,214,32,45,2
3089,173,4,197,292,24,45,1
3090,189,3,208,210,19,45,3
3091,198,1,210,214,13,45,3
3092,205,2,214,225,9,45,3
3093,221,0,221,253,0,45,2
3094,222,0,225,227,3,45,3
3095,232,0,232,248,0,45,3
3096,239,0,248,269,8,45,3
3097,268,0,268,276,0,45,2
3098,301,0,301,306,0,45,2
3099,312,0,312,316,0,45,1
3100,327,0,327,329,0,45,1
3101,327,0,327,347,0,45,3
3102,356,0,356,358,0,45,3
3103,361,0,361,381,0,45,1
3104,379,0,379,417,0,45,3
3105,379,0,379,423,0,45,2
3106,379,0,381,390,2,45,1
3107,390,0,390,391,0,45,1
3108,393,0,393,416,0,45,1
3109,408,0,416,444,8,45,1
3110,411,1,417,449,7,45,3
3111,417,1,423,429,6,45,2
3112,421,1,429,430,8,45,2
3113,424,1,430,434,6,45,2
3114,430,1,434,435,4,45,2
3115,438,0,438,461,0,45,2
3116,461,0,461,467,0,45,2
3117,463,0,463,503,0,45,3
3118,470,0,470,471,0,45,1
3119,473,0,473,475,0,45,1
3120,484,0,484,529,0,45,2
3121,491,0,491,553,0,45,1
3122,492,0,503,514,11,45,3
3123,509,0,514,546,5,45,3
3124,515,0,529,537,13,45,2
3125,517,1,537,546,19,45,2
3126,521,2,546,557,25,45,3
3127,528,3,546,572,19,45,2
3128,529,3,553,559,24,45,1
3129,540,3,557,564,17,45,3
3130,541,4,559,568,18,45,1
3131,546,4,564,571,18,45,3
3132,553,4,568,574,15,45,1
3133,577,0,577,595,0,45,3
3134,580,0,580,596,0,45,2
3135,602,0,602,603,0,45,2
3136,611,0,611,625,0,45,1
3137,612,0,612,638,0,45,3
3138,620,0,620,645,0,45,2
3139,628,0,628,644,0,45,1
3140,635,0,638,779,3,45,3
3141,660,0,660,702,0,45,2
3142,661,0,661,686,0,45,1
3143,662,0,686,748,24,45,1
3144,662,1,702,712,40,45,2
3145,144,3,177,192,33,46,1
3146,155,3,188,193,34,46,3
3147,158,4,192,201,34,46,1
3148,160,5,193,208,33,46,3
3149,167,6,201,223,34,46,1
3150,174,7,208,209,33,46,3
3151,176,6,209,210,33,46,3
3152,179,6,210,219,31,46,3
3153,189,6,219,230,29,46,3
3154,195,5,223,247,28,46,1
3155,199,6,230,256,31,46,3
3156,202,6,246,257,44,46,2
3157,203,7,247,274,44,46,1
3158,203,8,256,266,53,46,3
3159,204,9,257,257,53,46,2
3160,220,6,257,263,36,46,2
3161,244,5,263,302,19,46,2
3162,252,4,266,291,14,46,3
3163,262,2,274,306,11,46,1
3164,275,0,291,343,16,46,3
3165,282,1,302,310,20,46,2
3166,288,2,306,362,19,46,1
3167,295,2,310,369,15,46,2
3168,305,2,343,348,39,46,3
3169,305,3,348,369,43,46,3
3170,323,2,362,363,39,46,1
3171,327,3,363,393,37,46,1
3172,332,4,369,401,36,46,3
3173,336,5,369,384,34,46,2
3174,337,6,384,397,47,46,2
3175,346,6,393,400,46,46,1
3176,347,7,397,422,50,46,2
3177,382,3,400,417,18,46,1
3178,387,3,401,420,14,46,3
3179,389,4,417,432,29,46,1
3180,396,4,420,425,24,46,3
3181,406,2,422,424,15,46,2
3182,415,3,424,426,9,46,2
3183,415,4,425,432,10,46,3
3184,423,2,426,433,3,46,2
3185,425,1,432,438,6,46,3
3186,436,0,436,469,0,46,2
3187,442,0,442,442,0,46,1
3188,447,0,447,466,0,46,1
3189,452,0,452,494,0,46,3
3190,462,0,466,467,4,46,1
3191,469,0,469,486,0,46,2
3192,469,0,469,484,0,46,1
3193,477,0,484,496,7,46,1
3194,479,1,486,502,8,46,2
3195,481,2,494,500,13,46,3
3196,490,1,496,497,6,46,1
3197,496,0,497,502,0,46,1
3198,498,0,500,536,2,46,3
3199,515,0,515,528,0,46,1
3200,516,0,516,537,0,46,2
3201,517,0,528,539,11,46,1
3202,517,1,536,540,19,46,3
3203,518,2,537,552,19,46,2
3204,525,3,539,567,14,46,1
3205,528,3,540,547,12,46,3
3206,199,1,214,216,15,47,2
3207,200,2,216,226,16,47,2
3208,201,3,226,252,25,47,2
3209,205,4,248,285,43,47,3
3210,210,4,252,277,42,47,2
3211,221,3,273,285,52,47,1
3212,238,3,277,287,39,47,2
3213,245,4,285,295,40,47,1
3214,249,4,285,303,36,47,3
3215,252,4,287,305,35,47,2
3216,270,5,295,327,25,47,1
3217,273,6,303,370,31,47,3
3218,280,5,305,311,25,47,2
3219,282,6,311,333,29,47,2
3220,286,5,327,336,41,47,1
3221,289,5,333,335,44,47,2
3222,292,6,335,374,42,47,2
3223,306,4,336,360,30,47,1
3224,314,4,360,367,46,47,1
3225,319,5,367,385,48,47,1
3226,337,2,370,427,33,47,3
3227,342,3,374,374,32,47,2
3228,343,4,374,399,31,47,2
3229,346,5,385,400,39,47,1
3230,353,6,399,420,47,47,2
3231,371,4,400,427,29,47,1
3232,373,5,420,425,47,47,2
3233,377,4,425,437,47,47,2
3234,380,5,427,439,47,47,3
3235,381,6,427,481,46,47,1
3236,388,6,437,507,49,47,2
3237,393,7,439,446,46,47,3
3238,400,7,446,469,46,47,3
3239,404,7,469,500,66,47,3
3240,406,8,481,484,75,47,1
3241,420,8,484,487,64,47,1
3242,449,3,487,524,38,47,1
3243,462,4,500,502,38,47,3
3244,465,5,502,528,36,47,3
3245,478,5,507,550,29,47,2
3246,482,5,524,525,42,47,1
3247,486,5,525,594,39,47,1
3248,487,5,528,537,42,47,3
3249,490,6,537,545,48,47,3
3250,502,5,545,549,44,47,3
3251,520,5,549,549,28,47,3
3252,533,3,549,550,16,47,3
3253,535,4,550,557,14,47,3
3254,540,4,550,553,10,47,2
3255,543,5,553,562,10,47,2
3256,546,5,557,558,11,47,3
3257,566,0,566,584,0,47,3
3258,580,0,580,583,0,47,2
3259,584,0,584,661,0,47,2
3260,587,0,587,588,0,47,3
3261,591,0,591,626,0,47,3
3262,617,0,617,629,0,47,1
3263,619,0,626,653,8,47,3
3264,623,1,629,657,6,47,1
3265,642,0,653,677,10,47,3
3266,201,0,201,231,0,48,2
3267,227,0,227,227,0,48,1
3268,228,0,228,237,0,48,1
3269,231,0,231,249,0,48,3
3270,237,0,237,239,0,48,2
3271,245,0,245,258,0,48,1
3272,245,0,245,276,0,48,2
3273,262,0,262,282,0,48,1
3274,266,0,266,298,0,48,3
3275,277,0,277,280,0,48,2
3276,282,0,282,290,0,48,2
3277,293,0,293,313,0,48,1
3278,296,0,296,297,0,48,2
3279,300,0,300,300,0,48,3
3280,315,0,315,320,0,48,3
3281,318,0,318,338,0,48,1
3282,322,0,322,324,0,48,2
3283,345,0,345,413,0,48,3
3284,348,0,348,350,0,48,2
3285,365,0,365,478,0,48,2
3286,373,0,373,382,0,48,1
3287,374,0,382,404,7,48,1
3288,379,1,404,419,24,48,1
3289,381,2,413,438,32,48,3
3290,403,2,419,434,17,48,1
3291,404,2,434,436,31,48,1
3292,406,3,436,470,30,48,1
3293,406,4,438,456,32,48,3
3294,408,5,456,470,48,48,3
3295,426,4,470,503,44,48,1
3296,448,2,470,479,22,48,3
3297,450,3,478,484,28,48,2
3298,454,4,479,499,25,48,3
3299,463,4,484,484,21,48,2
3300,481,1,484,485,4,48,2
3301,483,2,485,488,2,48,2
3302,488,0,488,492,0,48,2
3303,495,0,495,504,0,48,2
3304,495,0,499,532,4,48,3
3305,496,1,503,521,7,48,1
3306,500,1,504,505,3,48,2
3307,502,2,505,530,3,48,2
3308,521,0,521,564,1,48,1
3309,521,1,530,555,9,48,2
3310,524,1,532,533,7,48,3
3311,530,2,533,565,3,48,3
3312,535,0,555,572,21,48,2
3313,537,1,564,569,27,48,1
3314,578,0,578,609,0,48,2
3315,595,0,595,623,0,48,3
3316,637,0,637,693,0,48,3
3317,663,0,663,823,0,48,1
3318,665,0,665,713,0,48,2
3319,680,0,693,696,13,48,3
3320,699,0,699,724,0,48,3
3321,709,0,713,757,4,48,2
3322,713,1,724,781,12,48,3
3323,723,1,757,778,34,48,2
3324,750,1,778,781,28,48,2
3325,758,1,781,791,22,48,2
3326,767,2,781,782,14,48,3
3327,768,3,782,785,14,48,3
3328,146,1,150,153,4,49,2
3329,147,1,151,154,4,49,1
3330,169,0,169,192,0,49,1
3331,179,0,179,192,0,49,3
3332,186,0,186,205,0,49,2
3333,209,0,209,230,0,49,1
3334,237,0,237,246,0,49,2
3335,240,0,240,269,0,49,1
3336,246,0,246,286,0,49,3
3337,252,0,252,269,0,49,2
3338,266,0,269,335,4,49,1
3339,266,1,269,276,4,49,2
3340,274,0,276,321,2,49,2
3341,276,0,286,292,10,49,3
3342,287,0,292,329,5,49,3
3343,289,1,321,334,32,49,2
3344,291,2,329,367,38,49,3
3345,296,2,334,376,38,49,2
3346,297,3,335,377,38,49,1
3347,298,4,367,379,69,49,3
3348,339,1,376,384,38,49,2
3349,344,2,377,405,33,49,1
3350,355,3,379,381,24,49,3
3351,364,4,381,395,17,49,3
3352,364,5,384,402,20,49,2
3353,365,6,395,448,30,49,3
3354,368,6,402,410,34,49,2
3355,378,5,405,419,27,49,1
3356,379,6,410,426,31,49,2
3357,379,7,419,434,40,49,1
3358,382,6,426,449,44,49,2
3359,395,6,434,498,40,49,1
3360,398,6,448,456,49,49,3
3361,402,7,449,474,47,49,2
3362,403,7,456,473,53,49,3
3363,408,7,473,529,65,49,3
3364,452,2,474,482,22,49,2
3365,469,2,482,502,13,49,2
3366,470,3,498,503,29,49,1
3367,470,4,502,526,32,49,2
3368,480,3,503,506,23,49,1
3369,483,3,506,522,24,49,1
3370,490,4,522,541,31,49,1
3371,496,5,526,712,30,49,2
3372,504,3,529,535,25,49,3
3373,526,1,535,578,9,49,3
3374,544,0,544,571,0,49,1
3375,549,0,571,588,22,49,1
3376,550,1,578,600,29,49,3
3377,551,2,588,652,37,49,1
3378,568,3,600,619,32,49,3
3379,585,2,619,687,34,49,3
3380,591,2,652,653,60,49,1
3381,616,2,653,671,37,49,1
3382,622,2,671,672,48,49,1
3383,628,3,672,686,44,49,1
3384,636,4,686,687,50,49,1
3385,640,5,687,722,47,49,3
3386,649,6,687,688,38,49,1
3387,656,5,688,699,31,49,1
3388,661,6,699,708,38,49,1
3389,663,7,708,716,45,49,1
3390,668,8,712,746,43,49,2
3391,672,7,716,723,44,49,1
3392,680,8,722,729,41,49,3
3393,688,5,723,735,34,49,1
3394,689,6,729,737,41,49,3
3395,695,7,735,743,41,49,1
3396,698,8,737,758,40,49,3
3397,217,2,233,273,16,50,2
3398,225,1,234,255,9,50,1
3399,225,2,255,326,31,50,1
3400,238,1,271,283,33,50,3
3401,239,2,273,273,34,50,2
3402,242,3,273,284,30,50,2
3403,255,4,283,299,28,50,3
3404,256,4,284,285,28,50,2
3405,271,5,285,288,14,50,2
3406,278,3,288,309,10,50,2
3407,289,0,299,322,11,50,3
3408,294,1,309,322,15,50,2
3409,297,2,322,325,24,50,2
3410,316,1,322,324,6,50,3
3411,330,0,330,354,0,50,1
3412,332,0,332,360,0,50,3
3413,341,0,341,342,0,50,2
3414,360,0,360,375,0,50,1
3415,361,0,361,376,0,50,3
3416,362,0,362,371,0,50,2
3417,385,0,385,398,0,50,1
3418,388,0,388,405,0,50,3
3419,390,0,390,407,0,50,2
3420,399,0,399,409,0,50,1
3421,406,0,406,408,0,50,3
3422,413,0,413,426,0,50,3
3423,429,0,429,436,0,50,3
3424,467,0,467,479,0,50,1
3425,474,0,474,475,0,50,3
3426,482,0,482,484,0,50,3
3427,482,0,482,517,0,50,2
3428,492,0,492,500,0,50,1
3429,522,0,522,529,0,50,1
3430,525,0,525,594,0,50,3
3431,535,0,535,601,0,50,1
3432,547,0,547,592,0,50,2
3433,548,0,592,621,45,50,2
3434,548,1,594,614,46,50,3
3435,549,2,601,603,51,50,1
3436,570,3,603,644,33,50,1
3437,576,4,614,621,38,50,3
3438,583,5,621,621,38,50,3
3439,585,6,621,628,36,50,3
3440,587,7,621,633,34,50,2
3441,597,6,628,641,31,50,3
3442,603,6,633,640,31,50,2
3443,622,2,640,657,18,50,2
3444,625,3,641,644,16,50,3
3445,636,2,644,663,8,50,1
3446,639,3,644,680,5,50,3
3447,673,0,673,687,0,50,2
3448,680,0,680,693,0,50,1
3449,708,0,708,797,0,50,1
3450,742,0,742,774,0,50,3
3451,744,0,744,751,0,50,2
3452,745,0,751,757,6,50,2
3453,750,1,757,772,8,50,2
3454,764,0,772,789,9,50,2
3455,767,1,774,775,7,50,3
3456,775,0,775,787,0,50,3
3457,782,0,787,810,4,50,3
3458,225,1,260,269,34,51,2
3459,226,2,261,368,36,51,3
3460,235,3,269,306,34,51,2
3461,252,3,284,302,32,51,1
3462,268,2,302,313,34,51,1
3463,269,2,306,322,37,51,2
3464,270,3,313,317,44,51,1
3465,275,4,317,317,42,51,1
3466,293,4,317,318,24,51,1
3467,315,2,318,339,3,51,1
3468,320,0,322,324,2,51,2
3469,349,0,349,361,0,51,2
3470,353,0,353,379,0,51,1
3471,358,0,361,446,3,51,2
3472,360,1,368,407,8,51,3
3473,361,2,379,383,17,51,1
3474,368,1,383,391,15,51,1
3475,370,2,391,418,22,51,1
3476,373,3,407,409,34,51,3
3477,390,2,409,430,18,51,3
3478,400,2,418,431,18,51,1
3479,414,1,430,441,17,51,3
3480,418,2,431,441,13,51,1
3481,425,2,441,444,17,51,3
3482,465,0,465,488,0,51,3
3483,481,0,481,490,0,51,2
3484,492,0,492,497,0,51,1
3485,492,0,492,494,0,51,3
3486,519,0,519,552,0,51,1
3487,523,0,523,530,0,51,2
3488,529,0,529,571,0,51,3
3489,537,0,537,603,0,51,2
3490,544,0,552,559,7,51,1
3491,555,0,559,579,4,51,1
3492,555,1,571,596,16,51,3
3493,577,0,579,615,2,51,1
3494,581,0,596,600,15,51,3
3495,584,1,600,608,16,51,3
3496,592,2,603,605,11,51,2
3497,600,1,605,627,5,51,2
3498,601,2,608,610,7,51,3
3499,609,0,610,619,1,51,3
3500,610,0,615,623,5,51,1
3501,623,0,623,634,0,51,3
3502,625,0,625,652,0,51,1
3503,632,0,632,654,0,51,2
3504,633,0,634,686,1,51,3
3505,642,0,652,709,10,51,1
3506,647,1,654,662,7,51,2
3507,647,2,662,668,15,51,2
3508,649,3,668,675,19,51,2
3509,651,4,675,682,24,51,2
3510,665,2,682,739,17,51,2
3511,670,2,686,699,16,51,3
3512,673,3,699,741,26,51,3
3513,693,1,709,817,16,51,1
3514,707,1,739,740,32,51,2
3515,732,1,740,742,8,51,2
3516,733,2,741,749,7,51,3
3517,741,0,742,766,1,51,2
3518,742,1,749,776,7,51,3
3519,754,0,766,772,13,51,2
3520,781,0,781,797,0,51,3
3521,787,0,787,788,0,51,2
3522,794,0,794,806,0,51,2
3523,804,0,804,806,0,51,3
3524,818,0,818,890,0,51,2
3525,823,0,823,827,0,51,3
3526,826,0,826,876,0,51,1
3527,827,0,827,833,0,51,3
3528,828,0,833,839,4,51,3
3529,166,0,166,170,0,52,3
3530,172,0,172,179,0,52,3
3531,172,0,175,178,4,52,1
3532,185,0,185,242,0,52,1
3533,185,0,185,240,0,52,3
3534,192,0,206,222,14,52,2
3535,198,1,222,247,24,52,2
3536,200,2,240,245,41,52,3
3537,202,3,242,246,40,52,1
3538,208,3,245,265,37,52,3
3539,211,4,246,257,35,52,1
3540,237,4,247,255,9,52,2
3541,238,5,255,327,16,52,2
3542,248,1,257,281,9,52,1
3543,252,2,265,295,14,52,3
3544,257,1,281,289,24,52,1
3545,261,2,289,314,28,52,1
3546,262,3,295,324,33,52,3
3547,293,1,314,317,22,52,1
3548,299,1,317,318,19,52,1
3549,308,2,318,338,10,52,1
3550,314,3,324,327,10,52,3
3551,325,0,327,330,1,52,3
3552,329,0,329,343,0,52,2
3553,330,0,330,387,0,52,3
3554,341,0,341,342,0,52,1
3555,346,0,346,379,0,52,1
3556,351,0,351,360,0,52,2
3557,365,0,365,366,0,52,2
3558,372,0,372,395,0,52,2
3559,376,0,379,429,3,52,1
3560,377,1,387,391,10,52,3
3561,384,1,391,413,7,52,3
3562,385,2,395,421,10,52,2
3563,397,0,413,448,16,52,3
3564,399,1,421,432,22,52,2
3565,411,2,429,446,18,52,1
3566,415,2,432,483,17,52,2
3567,422,2,446,469,24,52,1
3568,423,3,448,465,26,52,3
3569,429,4,465,482,37,52,3
3570,430,4,469,472,38,52,1
3571,434,4,472,496,38,52,1
3572,435,5,482,501,46,52,3
3573,440,6,483,490,44,52,2
3574,441,7,490,509,49,52,2
3575,442,8,496,508,54,52,1
3576,458,7,501,503,43,52,3
3577,461,8,503,521,42,52,3
3578,465,9,508,518,43,52,1
3579,473,7,509,526,37,52,2
3580,476,8,518,527,42,52,1
3581,477,9,521,556,43,52,3
3582,478,10,526,527,48,52,2
3583,486,9,527,560,41,52,2
3584,489,10,527,545,38,52,1
3585,490,11,545,560,56,52,1
3586,500,10,556,574,56,52,3
3587,504,9,560,563,56,52,1
3588,513,8,560,595,47,52,2
3589,516,9,563,578,47,52,1
3590,523,8,574,575,51,52,3
3591,536,6,575,590,39,52,3
3592,541,7,578,590,37,52,1
3593,543,8,590,599,47,52,1
3594,553,8,590,600,37,52,3
3595,559,8,595,604,37,52,2
3596,563,7,599,603,36,52,1
3597,565,7,600,603,36,52,3
3598,574,7,603,608,29,52,3
3599,578,7,603,638,25,52,1
3600,615,0,615,741,0,52,2
3601,626,0,626,691,0,52,3
3602,629,0,638,647,9,52,1
3603,631,1,647,658,15,52,1
3604,640,1,658,670,18,52,1
3605,178,2,201,229,22,53,1
3606,192,1,204,204,12,53,3
3607,215,0,215,240,0,53,3
3608,222,0,229,232,7,53,1
3609,226,1,232,272,6,53,1
3610,235,0,240,270,5,53,2
3611,239,1,240,290,1,53,3
3612,246,0,270,286,24,53,2
3613,255,1,272,287,17,53,1
3614,277,0,286,304,9,53,2
3615,284,1,287,295,2,53,1
3616,286,2,290,291,5,53,3
3617,286,2,291,304,5,53,3
3618,294,0,295,295,2,53,1
3619,294,1,295,306,1,53,1
3620,304,0,304,331,0,53,3
3621,311,0,311,315,0,53,2
3622,317,0,317,392,0,53,1
3623,335,0,335,336,0,53,3
3624,341,0,341,341,0,53,2
3625,347,0,347,370,0,53,3
3626,349,0,349,378,0,53,2
3627,358,0,370,376,11,53,3
3628,362,1,376,399,14,53,3
3629,367,2,378,384,11,53,2
3630,383,0,384,409,1,53,2
3631,403,0,403,414,0,53,1
3632,424,0,424,499,0,53,2
3633,425,0,425,452,0,53,1
3634,445,0,445,467,0,53,3
3635,447,0,452,472,5,53,1
3636,449,1,467,503,18,53,3
3637,450,2,472,489,22,53,1
3638,454,2,489,515,35,53,1
3639,465,3,499,505,34,53,2
3640,473,2,503,504,30,53,3
3641,474,3,504,510,30,53,3
3642,479,4,505,509,26,53,2
3643,484,5,509,530,25,53,2
3644,492,5,510,514,19,53,3
3645,493,6,514,517,22,53,3
3646,494,7,515,555,21,53,1
3647,499,8,517,554,19,53,3
3648,502,8,530,554,27,53,2
3649,506,6,554,555,48,53,3
3650,539,1,554,566,16,53,2
3651,551,2,555,557,4,53,1
3652,551,3,555,563,4,53,3
3653,561,0,561,570,0,53,1
3654,563,0,563,578,0,53,3
3655,564,0,566,575,2,53,2
3656,569,0,570,578,1,53,1
3657,576,0,576,607,0,53,2
3658,580,0,580,587,0,53,3
3659,583,0,583,596,0,53,1
3660,606,0,606,616,0,53,3
3661,620,0,620,650,0,53,2
3662,623,0,623,640,0,53,1
3663,627,0,627,648,0,53,3
3664,630,0,640,680,10,53,1
3665,630,1,648,652,18,53,3
3666,641,1,650,658,10,53,2
3667,649,1,652,665,3,53,3
3668,649,2,658,659,9,53,2
3669,653,1,659,662,5,53,2
3670,661,0,662,674,1,53,2
3671,668,0,668,695,0,53,3
3672,684,0,684,736,0,53,2
3673,692,0,692,695,0,53,1
3674,696,0,696,746,0,53,3
3675,699,0,699,707,0,53,1
3676,700,0,707,744,8,53,1
3677,110,3,129,149,18,54,1
3678,134,0,135,137,1,54,2
3679,141,0,141,164,0,54,2
3680,141,0,148,166,7,54,3
3681,143,1,149,153,6,54,1
3682,155,0,155,178,0,54,1
3683,159,0,164,217,6,54,2
3684,163,1,166,169,3,54,3
3685,169,0,169,189,0,54,3
3686,172,0,178,248,6,54,1
3687,183,0,189,200,6,54,3
3688,187,1,200,207,13,54,3
3689,187,2,207,225,19,54,3
3690,206,1,217,241,11,54,2
3691,212,1,225,247,13,54,3
3692,222,1,241,250,18,54,2
3693,223,2,247,291,24,54,3
3694,227,2,248,287,21,54,1
3695,243,2,250,261,7,54,2
3696,244,3,261,271,17,54,2
3697,255,1,271,303,16,54,2
3698,264,1,287,288,23,54,1
3699,268,2,288,290,20,54,1
3700,269,3,290,323,21,54,1
3701,270,4,291,305,21,54,3
3702,284,4,303,304,19,54,2
3703,287,5,304,314,17,54,2
3704,295,2,305,342,10,54,3
3705,299,3,314,323,15,54,2
3706,310,1,323,349,12,54,2
3707,311,2,323,333,12,54,1
3708,313,3,333,336,21,54,1
3709,316,3,336,341,20,54,1
3710,344,0,344,353,0,54,1
3711,347,0,347,355,0,54,3
3712,355,0,355,369,0,54,1
3713,357,0,357,388,0,54,3
3714,370,0,370,431,0,54,2
3715,372,0,372,381,0,54,1
3716,385,0,385,404,0,54,1
3717,408,0,408,428,0,54,3
3718,408,0,408,423,0,54,1
3719,416,0,423,443,7,54,1
3720,422,1,428,430,6,54,3
3721,433,0,433,494,0,54,2
3722,451,0,451,472,0,54,1
3723,452,0,452,454,0,54,3
3724,461,0,461,463,0,54,3
3725,461,0,463,480,3,54,3
3726,469,0,472,506,3,54,1
3727,469,1,480,486,11,54,3
3728,473,1,486,497,13,54,3
3729,476,2,494,499,18,54,2
3730,477,3,497,520,19,54,3
3731,496,1,499,531,3,54,2
3732,497,1,506,519,9,54,1
3733,512,0,519,522,7,54,1
3734,518,1,520,562,2,54,3
3735,520,1,522,528,2,54,1
3736,521,1,528,546,7,54,1
3737,560,0,560,562,0,54,2
3738,568,0,568,570,0,54,2
3739,571,0,571,572,0,54,3
3740,572,0,572,575,0,54,1
3741,576,0,576,590,0,54,2
3742,582,0,582,597,0,54,3
3743,583,0,583,584,0,54,1
3744,587,0,587,624,0,54,1
3745,126,0,149,149,24,55,3
3746,135,1,149,150,14,55,3
3747,136,2,150,164,14,55,3
3748,141,3,154,164,14,55,1
3749,162,0,164,164,2,55,3
3750,172,0,172,183,0,55,3
3751,183,0,183,190,0,55,1
3752,184,0,184,214,0,55,3
3753,192,0,192,193,0,55,1
3754,193,0,193,212,0,55,1
3755,195,0,195,244,0,55,2
3756,207,0,212,263,6,55,1
3757,233,0,233,235,0,55,3
3758,233,0,235,240,2,55,3
3759,244,0,244,245,0,55,3
3760,256,0,256,272,0,55,3
3761,263,0,263,335,0,55,2
3762,268,0,268,273,0,55,1
3763,268,0,272,296,4,55,3
3764,270,1,273,305,4,55,1
3765,294,0,296,304,3,55,3
3766,297,0,304,321,6,55,3
3767,298,1,305,356,7,55,1
3768,319,0,321,354,2,55,3
3769,323,0,335,347,13,55,2
3770,340,0,347,364,8,55,2
3771,351,0,354,358,3,55,3
3772,366,0,366,376,0,55,2
3773,372,0,372,388,0,55,3
3774,382,0,382,402,0,55,2
3775,383,0,383,418,0,55,1
3776,414,0,414,454,0,55,3
3777,416,0,416,419,0,55,2
3778,425,0,425,434,0,55,1
3779,438,0,438,454,0,55,2
3780,439,0,439,466,0,55,1
3781,440,0,454,461,14,55,3
3782,447,1,454,487,7,55,2
3783,484,0,484,511,0,55,1
3784,486,0,486,489,0,55,3
3785,486,0,487,490,1,55,2
3786,490,0,490,497,0,55,3
3787,499,0,499,552,0,55,3
3788,512,0,512,577,0,55,1
3789,516,0,516,590,0,55,2
3790,525,0,552,555,27,55,3
3791,525,1,555,572,29,55,3
3792,528,2,572,577,44,55,3
3793,538,3,577,578,39,55,1
3794,543,4,577,605,34,55,3
3795,552,4,578,591,26,55,1
3796,565,4,590,597,25,55,2
3797,588,1,591,591,2,55,1
3798,592,0,592,604,0,55,1
3799,596,0,597,624,2,55,2
3800,608,0,608,626,0,55,3
3801,634,0,634,666,0,55,3
3802,641,0,641,709,0,55,1
3803,646,0,646,674,0,55,2
3804,649,0,666,668,17,55,3
3805,660,1,668,677,7,55,3
3806,675,0,675,684,0,55,2
3807,687,0,687,716,0,55,3
3808,687,0,687,758,0,55,2
3809,690,0,709,828,19,55,1
3810,707,1,716,733,9,55,3
3811,260,0,260,301,0,56,3
3812,260,0,260,275,0,56,1
3813,262,0,263,265,2,56,2
3814,270,0,270,275,0,56,2
3815,271,0,275,307,3,56,1
3816,274,1,275,276,2,56,2
3817,275,1,276,289,0,56,2
3818,296,0,296,308,0,56,2
3819,306,0,306,315,0,56,3
3820,313,0,313,314,0,56,1
3821,317,0,317,317,0,56,2
3822,335,0,335,376,0,56,3
3823,338,0,338,342,0,56,1
3824,338,0,338,383,0,56,2
3825,339,0,342,352,3,56,1
3826,342,0,352,372,9,56,1
3827,349,1,372,404,22,56,1
3828,358,1,376,408,18,56,3
3829,378,0,383,387,5,56,2
3830,386,0,387,401,2,56,2
3831,387,1,401,412,14,56,2
3832,403,0,404,417,1,56,1
3833,406,0,408,433,2,56,3
3834,419,0,419,443,0,56,2
3835,421,0,421,475,0,56,1
3836,423,0,433,436,10,56,3
3837,472,0,472,480,0,56,2
3838,477,0,477,497,0,56,1
3839,481,0,481,560,0,56,3
3840,489,0,489,500,0,56,2
3841,508,0,508,517,0,56,1
3842,510,0,510,510,0,56,2
3843,528,0,528,535,0,56,2
3844,545,0,545,562,0,56,1
3845,555,0,555,556,0,56,2
3846,563,0,563,566,0,56,3
3847,569,0,569,640,0,56,3
3848,582,0,582,604,0,56,2
3849,604,0,604,605,0,56,1
3850,610,0,610,616,0,56,2
3851,610,0,610,612,0,56,1
3852,651,0,651,655,0,56,3
3853,689,0,689,714,0,56,3
3854,693,0,693,706,0,56,2
3855,694,0,694,700,0,56,1
3856,704,0,704,710,0,56,1
3857,718,0,718,739,0,56,2
3858,720,0,720,751,0,56,1
3859,725,0,725,730,0,56,3
3860,732,0,732,733,0,56,3
3861,743,0,743,753,0,56,3
3862,745,0,745,751,0,56,2
3863,774,0,774,796,0,56,3
3864,792,0,792,804,0,56,2
3865,807,0,807,811,0,56,3
3866,809,0,809,849,0,56,2
3867,811,0,811,820,0,56,1
3868,821,0,821,854,0,56,3
3869,826,0,826,877,0,56,1
3870,829,0,849,883,19,56,2
3871,837,1,854,920,16,56,3
3872,839,2,877,901,38,56,1
3873,847,3,883,909,36,56,2
3874,849,3,901,907,52,56,1
3875,870,3,907,909,37,56,1
3876,884,2,909,910,25,56,1
3877,900,3,909,926,9,56,2
3878,904,3,910,927,6,56,1
3879,907,3,920,979,13,56,3
3880,912,1,926,953,14,56,2
3881,914,2,927,946,14,56,1
3882,928,0,946,961,18,56,1
3883,942,1,953,976,12,56,2
3884,949,1,961,999,11,56,1
3885,953,2,976,1030,24,56,2
3886,953,3,979,1020,26,56,3
3887,135,0,135,140,0,57,3
3888,138,0,138,167,0,57,2
3889,149,0,149,154,0,57,3
3890,151,0,151,164,0,57,1
3891,161,0,161,174,0,57,3
3892,162,0,164,169,2,57,1
3893,175,0,175,210,0,57,2
3894,179,0,179,181,0,57,3
3895,186,0,186,256,0,57,3
3896,189,0,189,205,0,57,1
3897,198,0,205,208,8,57,1
3898,198,1,208,242,11,57,1
3899,200,2,210,274,11,57,2
3900,213,0,242,274,29,57,1
3901,219,1,256,268,38,57,3
3902,227,2,268,269,41,57,3
3903,254,2,269,324,16,57,3
3904,254,3,274,312,20,57,1
3905,273,1,274,292,1,57,2
3906,287,0,292,295,5,57,2
3907,314,0,314,318,0,57,2
3908,319,0,319,442,0,57,2
3909,344,0,344,363,0,57,3
3910,353,0,353,354,0,57,1
3911,355,0,355,375,0,57,1
3912,359,0,363,413,4,57,3
3913,374,0,375,389,1,57,1
3914,374,1,389,394,15,57,1
3915,377,1,394,403,17,57,1
3916,396,0,403,421,7,57,1
3917,413,0,413,428,0,57,3
3918,414,0,421,437,8,57,1
3919,422,0,428,437,5,57,3
3920,423,1,437,485,14,57,3
3921,423,2,437,440,14,57,1
3922,428,2,440,458,12,57,1
3923,434,3,442,443,8,57,2
3924,439,2,443,444,4,57,2
3925,439,3,444,454,4,57,2
3926,446,0,454,470,8,57,2
3927,461,0,461,478,0,57,1
3928,465,0,470,480,4,57,2
3929,484,0,484,490,0,57,2
3930,484,0,484,493,0,57,1
3931,492,0,492,511,0,57,3
3932,511,0,511,540,0,57,2
3933,533,0,533,543,0,57,3
3934,534,0,534,553,0,57,1
3935,536,0,540,554,4,57,2
3936,546,0,546,583,0,57,3
3937,567,0,567,584,0,57,2
3938,582,0,582,619,0,57,1
3939,586,0,586,621,0,57,2
3940,587,0,587,612,0,57,3
3941,594,0,612,633,19,57,3
3942,599,1,619,620,20,57,1
3943,600,2,620,626,19,57,1
3944,600,3,621,638,20,57,2
3945,609,4,626,626,17,57,1
3946,611,5,626,698,16,57,1
3947,625,2,633,645,8,57,3
3948,632,1,638,646,6,57,2
3949,643,0,645,648,2,57,3
3950,655,0,655,676,0,57,2
3951,679,0,679,685,0,57,3
3952,689,0,689,747,0,57,3
3953,697,0,697,705,0,57,2
3954,701,0,701,702,0,57,1
3955,701,0,702,702,0,57,1
3956,703,0,703,738,0,57,1
3957,721,0,721,744,0,57,2
3958,748,0,748,779,0,57,3
3959,751,0,751,759,0,57,1
3960,774,0,774,808,0,57,2
3961,777,0,777,821,0,57,1
3962,781,0,781,786,0,57,3
3963,783,0,786,786,3,57,3
3964,784,1,786,840,2,57,3
3965,785,2,808,842,23,57,2
3966,178,2,201,207,23,58,1
3967,181,2,207,216,26,58,1
3968,182,3,216,221,33,58,1
3969,186,4,221,222,35,58,1
3970,189,5,222,276,33,58,1
3971,194,6,232,271,39,58,3
3972,198,7,234,256,35,58,2
3973,200,7,256,369,56,58,2
3974,203,7,271,304,68,58,3
3975,209,7,276,278,67,58,1
3976,209,8,278,279,69,58,1
3977,229,6,279,290,50,58,1
3978,231,7,290,293,59,58,1
3979,241,6,293,316,51,58,1
3980,245,7,304,306,60,58,3
3981,246,8,306,314,60,58,3
3982,249,9,314,320,65,58,3
3983,258,9,316,319,58,58,1
3984,265,10,319,358,54,58,1
3985,273,10,320,358,47,58,3
3986,276,11,358,367,82,58,3
3987,277,11,358,360,82,58,1
3988,284,10,360,376,76,58,1
3989,288,11,367,384,80,58,3
3990,289,12,369,381,80,58,2
3991,290,12,376,385,86,58,1
3992,305,11,381,389,76,58,2
3993,333,7,384,394,50,58,3
3994,338,8,385,390,47,58,1
3995,342,9,389,407,48,58,2
3996,366,7,390,412,24,58,1
3997,374,6,394,405,20,58,3
3998,412,0,412,414,0,58,2
3999,413,0,413,415,0,58,3
4000,414,0,414,455,0,58,1
4001,414,0,414,423,0,58,2
4002,425,0,425,482,0,58,2
4003,433,0,433,473,0,58,3
4004,435,0,455,472,19,58,1
4005,444,1,472,476,28,58,1
4006,445,2,473,480,28,58,3
4007,472,2,476,476,4,58,1
4008,477,0,477,502,0,58,1
4009,485,0,485,495,0,58,3
4010,496,0,496,507,0,58,3
4011,502,0,502,507,0,58,2
4012,509,0,509,523,0,58,1
4013,515,0,515,525,0,58,3
4014,519,0,519,539,0,58,2
4015,528,0,528,554,0,58,3
4016,539,0,539,544,0,58,2
4017,551,0,551,559,0,58,1
4018,554,0,554,571,0,58,2
4019,561,0,561,573,0,58,3
4020,567,0,567,572,0,58,1
4021,569,0,571,586,2,58,2
4022,579,0,579,593,0,58,1
4023,598,0,598,669,0,58,3
4024,607,0,607,627,0,58,1
4025,608,0,608,670,0,58,2
4026,617,0,627,651,10,58,1
4027,620,1,651,659,31,58,1
4028,625,2,659,710,34,58,1
4029,635,2,669,678,35,58,3
4030,641,3,670,673,30,58,2
4031,642,4,673,697,31,58,2
4032,653,4,678,686,25,58,3
4033,655,5,686,695,30,58,3
4034,663,5,695,696,33,58,3
4035,674,3,696,750,22,58,3
4036,678,3,697,700,19,58,2
4037,695,3,700,701,4,58,2
4038,705,0,705,709,0,58,2
4039,708,0,709,721,1,58,2
4040,711,0,711,715,0,58,1
4041,729,0,729,741,0,58,2
4042,179,0,179,185,0,59,3
4043,182,0,182,184,0,59,1
4044,186,0,186,187,0,59,3
4045,194,0,194,203,0,59,1
4046,195,0,195,226,0,59,2
4047,210,0,210,234,0,59,1
4048,226,0,226,275,0,59,2
4049,227,0,227,246,0,59,3
4050,228,0,234,236,6,59,1
4051,234,0,236,260,2,59,1
4052,245,0,246,250,0,59,3
4053,246,0,250,271,4,59,3
4054,246,1,260,262,14,59,1
4055,248,2,262,289,14,59,1
4056,251,2,271,281,20,59,3
4057,258,3,275,330,17,59,2
4058,260,4,281,303,22,59,3
4059,266,3,289,301,23,59,1
4060,270,4,301,314,32,59,1
4061,280,3,303,308,23,59,3
4062,281,4,308,327,27,59,3
4063,292,3,314,323,22,59,1
4064,296,4,323,332,27,59,1
4065,317,1,327,345,10,59,3
4066,325,1,330,333,5,59,2
4067,325,2,332,353,7,59,1
4068,348,0,348,369,0,59,3
4069,364,0,364,372,0,59,1
4070,370,0,370,371,0,59,2
4071,378,0,378,415,0,59,1
4072,420,0,420,428,0,59,1
4073,421,0,421,466,0,59,3
4074,425,0,425,509,0,59,2
4075,438,0,438,461,0,59,1
4076,442,0,461,480,19,59,1
4077,442,1,466,486,24,59,3
4078,446,2,480,536,34,59,1
4079,450,3,486,486,37,59,3
4080,458,4,486,514,29,59,3
4081,473,3,509,547,37,59,2
4082,485,3,514,517,29,59,3
4083,485,4,517,528,32,59,3
4084,492,3,528,534,36,59,3
4085,506,4,534,561,28,59,3
4086,507,5,536,568,29,59,1
4087,509,6,547,556,38,59,2
4088,510,6,556,562,46,59,2
4089,511,7,561,563,50,59,3
4090,512,8,562,565,50,59,2
4091,517,7,563,565,46,59,3
4092,524,8,565,574,41,59,3
4093,530,8,565,587,36,59,2
4094,542,7,568,584,26,59,1
4095,543,8,574,582,32,59,3
4096,563,5,582,605,19,59,3
4097,574,2,584,591,10,59,1
4098,575,2,587,621,12,59,2
4099,575,3,591,593,16,59,1
4100,588,1,593,647,5,59,1
4101,589,2,605,607,17,59,3
4102,589,3,607,611,18,59,3
4103,183,1,188,194,4,60,1
4104,186,1,194,194,8,60,1
4105,194,0,194,210,0,60,1
4106,197,0,210,217,13,60,2
4107,202,1,210,212,8,60,1
4108,234,0,234,281,0,60,3
4109,241,0,241,327,0,60,2
4110,244,0,244,246,0,60,1
4111,246,0,246,252,0,60,1
4112,253,0,253,278,0,60,1
4113,262,0,278,279,16,60,1
4114,266,1,279,317,13,60,1
4115,270,2,281,317,11,60,3
4116,295,0,317,358,22,60,1
4117,296,1,317,325,21,60,3
4118,296,2,325,344,29,60,3
4119,302,3,327,327,25,60,2
4120,312,4,327,332,15,60,2
4121,313,5,332,333,20,60,2
4122,333,0,333,338,1,60,2
4123,348,0,348,363,0,60,3
4124,373,0,373,375,0,60,2
4125,385,0,385,420,0,60,3
4126,386,0,386,396,0,60,2
4127,390,0,390,412,0,60,1
4128,430,0,430,447,0,60,3
4129,434,0,434,439,0,60,1
4130,435,0,435,461,0,60,2
4131,440,0,440,458,0,60,1
4132,454,0,454,528,0,60,3
4133,458,0,458,472,0,60,1
4134,463,0,463,464,0,60,2
4135,467,0,467,475,0,60,2
4136,479,0,479,515,0,60,1
4137,500,0,500,552,0,60,2
4138,517,0,517,525,0,60,1
4139,521,0,525,538,4,60,1
4140,522,1,528,552,7,60,3
4141,525,1,538,549,14,60,1
4142,532,1,549,555,17,60,1
4143,553,0,553,563,0,60,2
4144,557,0,557,577,0,60,1
4145,558,0,558,562,0,60,3
4146,566,0,566,571,0,60,2
4147,586,0,586,613,0,60,1
4148,597,0,597,639,0,60,2
4149,599,0,599,605,0,60,3
4150,599,0,605,628,6,60,3
4151,606,0,613,649,7,60,1
4152,613,1,628,650,15,60,3
4153,619,1,639,653,20,60,2
4154,624,2,649,654,24,60,1
4155,627,3,650,684,23,60,3
4156,627,4,653,676,25,60,2
4157,633,4,654,693,21,60,1
4158,635,5,676,677,41,60,2
4159,648,5,677,688,29,60,2
4160,662,2,684,721,22,60,3
4161,666,3,688,721,21,60,2
4162,678,2,693,722,15,60,1
4163,684,3,721,726,38,60,3
4164,696,1,721,736,26,60,2
4165,128,1,136,149,7,61,1
4166,129,2,144,154,15,61,3
4167,135,2,149,186,14,61,1
4168,141,2,153,166,12,61,2
4169,142,3,154,183,12,61,3
4170,146,3,166,168,21,61,2
4171,147,4,168,203,21,61,2
4172,160,2,183,204,23,61,3
4173,161,3,186,193,25,61,1
4174,163,4,193,214,30,61,1
4175,166,5,203,205,37,61,2
4176,173,4,204,214,31,61,3
4177,175,5,205,209,30,61,2
4178,183,5,209,225,27,61,2
4179,184,6,214,219,30,61,3
4180,190,6,214,223,24,61,1
4181,198,6,219,264,21,61,3
4182,204,6,223,243,19,61,1
4183,209,5,225,231,16,61,2
4184,213,5,231,269,17,61,2
4185,225,2,243,276,18,61,1
4186,235,1,264,281,29,61,3
4187,277,0,277,301,0,61,1
4188,285,0,285,286,0,61,2
4189,299,0,299,303,0,61,3
4190,311,0,311,314,0,61,1
4191,319,0,319,359,0,61,2
4192,321,0,321,321,0,61,1
4193,322,0,322,334,0,61,1
4194,345,0,345,347,0,61,1
4195,346,0,346,359,0,61,3
4196,359,0,359,384,0,61,3
4197,371,0,371,391,0,61,2
4198,382,0,382,413,0,61,1
4199,383,0,384,385,1,61,3
4200,388,0,388,443,0,61,3
4201,404,0,404,428,0,61,2
4202,411,0,413,416,2,61,1
4203,411,1,416,422,5,61,1
4204,414,1,422,427,8,61,1
4205,416,2,427,437,11,61,1
4206,416,2,428,439,12,61,2
4207,421,3,437,442,16,61,1
4208,435,1,439,488,4,61,2
4209,440,0,442,476,3,61,1
4210,462,0,462,463,0,61,3
4211,482,0,482,499,0,61,3
4212,483,0,483,487,0,61,1
4213,487,0,487,507,1,61,1
4214,492,0,492,554,0,61,2
4215,501,0,501,534,0,61,3
4216,509,0,509,517,0,61,1
4217,522,0,522,547,0,61,1
4218,526,0,534,550,8,61,3
4219,532,1,547,588,16,61,1
4220,538,1,550,570,12,61,3
4221,550,1,554,557,4,61,2
4222,560,0,560,561,0,61,2
4223,564,0,564,575,0,61,2
4224,564,0,570,572,6,61,3
4225,578,0,578,584,0,61,3
4226,583,0,583,589,0,61,2
4227,589,0,589,596,0,61,1
4228,590,0,590,602,0,61,3
4229,592,0,592,606,0,61,2
4230,604,0,604,608,0,61,1
4231,607,0,607,620,0,61,3
4232,631,0,631,650,0,61,3
4233,633,0,633,644,0,61,1
4234,666,0,666,708,0,61,1
4235,666,0,666,673,0,61,3
4236,669,0,669,678,0,61,2
4237,680,0,680,703,0,61,3
4238,691,0,691,705,0,61,2
4239,691,0,703,727,12,61,3
4240,176,0,176,182,0,62,2
4241,179,0,182,202,3,62,2
4242,186,0,188,231,2,62,3
4243,191,0,202,229,10,62,2
4244,192,1,213,261,21,62,1
4245,210,1,229,253,19,62,2
4246,215,1,231,238,16,62,3
4247,219,2,238,243,19,62,3
4248,228,3,243,247,15,62,3
4249,232,2,247,260,15,62,3
4250,236,3,253,273,17,62,2
4251,238,4,260,273,22,62,3
4252,239,4,261,282,22,62,1
4253,253,3,273,285,20,62,3
4254,255,3,273,355,19,62,2
4255,256,4,282,285,25,62,1
4256,257,5,285,292,28,62,1
4257,266,4,285,377,19,62,3
4258,268,5,292,294,24,62,1
4259,274,4,294,309,20,62,1
4260,274,5,309,338,35,62,1
4261,280,6,338,352,58,62,1
4262,285,5,352,361,67,62,1
4263,290,5,355,387,65,62,2
4264,309,4,361,400,53,62,1
4265,309,5,377,383,68,62,3
4266,323,5,383,418,59,62,3
4267,331,6,387,392,56,62,2
4268,343,6,392,419,49,62,2
4269,350,7,400,401,50,62,1
4270,354,7,401,412,47,62,1
4271,360,7,412,463,51,62,1
4272,367,7,418,482,51,62,3
4273,374,8,419,434,45,62,2
4274,383,7,434,440,51,62,2
4275,390,7,440,445,50,62,2
4276,394,7,445,455,50,62,2
4277,410,6,455,457,45,62,2
4278,413,6,457,491,43,62,2
4279,430,5,463,464,33,62,1
4280,436,5,464,489,29,62,1
4281,443,5,482,537,39,62,3
4282,445,5,489,491,44,62,1
4283,453,6,491,495,38,62,2
4284,454,7,491,494,37,62,1
4285,455,8,494,540,39,62,1
4286,463,6,495,509,32,62,2
4287,464,7,509,532,46,62,2
4288,469,7,532,535,64,62,2
4289,479,8,535,545,55,62,2
4290,484,8,537,544,52,62,3
4291,492,6,540,578,48,62,1
4292,510,4,544,558,34,62,3
4293,525,5,545,560,20,62,2
4294,527,6,558,565,31,62,3
4295,534,6,560,580,26,62,2
4296,568,0,568,574,0,62,3
4297,570,0,574,603,3,62,3
4298,578,0,578,580,0,62,1
4299,589,0,589,600,0,62,2
4300,599,0,599,617,0,62,1
4301,173,0,184,190,10,63,3
4302,197,0,197,210,0,63,2
4303,198,0,198,294,0,63,3
4304,212,0,212,212,0,63,2
4305,229,0,229,237,0,63,2
4306,237,0,237,244,0,63,1
4307,250,0,250,326,0,63,2
4308,250,0,250,258,0,63,1
4309,258,0,258,302,0,63,1
4310,258,0,294,298,36,63,3
4311,258,1,298,317,39,63,3
4312,263,2,302,320,40,63,1
4313,272,3,317,354,44,63,3
4314,276,4,320,335,45,63,1
4315,280,5,326,338,46,63,2
4316,291,6,335,362,44,63,1
4317,304,4,338,347,34,63,2
4318,323,3,347,350,24,63,2
4319,328,3,350,359,22,63,2
4320,332,4,354,383,23,63,3
4321,336,4,359,412,23,63,2
4322,341,4,362,374,21,63,1
4323,353,3,374,390,21,63,1
4324,355,3,383,402,28,63,3
4325,357,4,390,399,33,63,1
4326,363,3,399,400,36,63,1
4327,373,4,400,410,27,63,1
4328,379,4,402,408,23,63,3
4329,384,4,408,448,24,63,3
4330,386,5,410,419,24,63,1
4331,387,6,412,423,25,63,2
4332,395,6,419,421,24,63,1
4333,396,7,421,425,25,63,1
4334,425,0,425,450,0,63,1
4335,429,0,429,434,0,63,2
4336,441,0,441,446,0,63,2
4337,444,0,446,455,2,63,2
4338,445,1,448,451,3,63,3
4339,452,0,452,471,0,63,3
4340,455,0,455,459,0,63,2
4341,466,0,466,467,0,63,1
4342,473,0,473,491,0,63,2
4343,483,0,483,501,0,63,3
4344,488,0,488,501,0,63,1
4345,492,0,492,525,0,63,2
4346,494,0,501,518,7,63,1
4347,495,1,501,553,6,63,3
4348,498,2,518,600,20,63,1
4349,505,1,525,542,20,63,2
4350,505,2,542,548,37,63,2
4351,505,3,548,566,43,63,2
4352,510,4,553,567,43,63,3
4353,529,3,566,567,36,63,2
4354,539,4,567,602,28,63,2
4355,555,2,567,582,12,63,3
4356,556,3,582,588,27,63,3
4357,564,4,588,593,24,63,3
4358,579,2,593,605,14,63,3
4359,580,3,600,611,20,63,1
4360,584,3,602,648,18,63,2
4361,587,4,605,607,18,63,3
4362,590,4,607,632,17,63,3
4363,594,4,611,662,17,63,1
4364,613,0,632,648,19,63,3
4365,621,1,648,655,27,63,3
4366,622,2,648,656,26,63,2
4367,625,3,655,685,30,63,3
4368,634,3,656,658,21,63,2
4369,642,4,658,673,16,63,2
4370,643,5,662,679,19,63,1
4371,652,4,673,696,21,63,2
4372,667,1,679,698,11,63,1
4373,671,2,685,691,14,63,3
4374,706,0,706,730,0,63,3
4375,706,0,706,710,0,63,2
4376,708,0,708,732,0,63,1
4377,285,0,285,294,0,64,3
4378,287,0,287,298,0,64,1
4379,290,0,290,336,0,64,2
4380,302,0,302,328,0,64,3
4381,316,0,316,335,0,64,1
4382,316,0,328,364,12,64,3
4383,322,1,335,370,13,64,1
4384,333,1,336,349,3,64,2
4385,347,0,349,359,2,64,2
4386,356,0,359,401,3,64,2
4387,359,0,364,365,6,64,3
4388,365,0,365,395,0,64,3
4389,375,0,375,390,0,64,1
4390,384,0,390,398,6,64,1
4391,397,0,397,400,0,64,3
4392,424,0,424,425,0,64,2
4393,427,0,427,444,0,64,1
4394,428,0,428,450,0,64,2
4395,438,0,438,454,0,64,3
4396,446,0,446,459,0,64,1
4397,450,0,450,452,0,64,2
4398,450,1,452,467,2,64,2
4399,464,0,464,465,0,64,3
4400,464,0,464,471,0,64,1
4401,474,0,474,503,0,64,3
4402,477,0,477,496,0,64,2
4403,482,0,482,502,0,64,1
4404,485,0,496,518,11,64,2
4405,486,1,502,504,16,64,1
4406,495,2,503,536,8,64,3
4407,500,2,504,517,5,64,1
4408,504,1,517,527,13,64,1
4409,505,1,518,522,13,64,2
4410,509,2,522,534,13,64,2
4411,513,3,527,538,15,64,1
4412,517,3,534,538,17,64,2
4413,520,3,536,543,16,64,3
4414,535,1,538,540,2,64,1
4415,545,0,545,586,0,64,2
4416,547,0,547,558,0,64,1
4417,548,0,548,549,0,64,3
4418,553,0,553,565,0,64,3
4419,554,0,558,566,4,64,1
4420,557,1,565,570,9,64,3
4421,559,1,566,572,7,64,1
4422,569,0,570,585,1,64,3
4423,572,0,572,585,0,64,1
4424,581,0,585,600,4,64,3
4425,585,0,585,635,0,64,1
4426,587,0,587,624,0,64,2
4427,593,0,600,636,7,64,3
4428,613,0,624,645,11,64,2
4429,619,1,635,650,16,64,1
4430,627,1,636,641,9,64,3
4431,633,2,641,678,9,64,3
4432,638,1,645,655,7,64,2
4433,638,2,650,653,12,64,1
4434,642,2,653,662,12,64,1
4435,657,0,657,675,0,64,2
4436,670,0,670,688,0,64,1
4437,698,0,698,745,0,64,3
4438,710,0,710,718,0,64,2
4439,720,0,720,752,0,64,1
4440,721,0,721,738,0,64,2
4441,726,0,738,762,12,64,2
4442,726,1,745,753,19,64,3
4443,745,1,752,757,7,64,1
4444,759,0,759,802,0,64,3
4445,761,0,761,761,0,64,1
4446,775,0,775,792,0,64,1
4447,783,0,783,839,0,64,2
4448,784,0,792,792,9,64,1
4449,790,1,792,799,2,64,1
4450,797,0,799,811,2,64,1
4451,806,0,806,832,0,64,3
4452,810,0,811,854,0,64,1
4453,813,0,832,859,19,64,3
4454,151,3,164,211,13,65,2
4455,171,0,177,255,6,65,1
4456,178,0,187,187,10,65,3
4457,218,0,218,269,0,65,2
4458,225,0,225,256,0,65,3
4459,228,0,255,260,28,65,1
4460,228,1,256,282,28,65,3
4461,242,2,260,269,18,65,1
4462,248,3,269,295,21,65,2
4463,259,2,269,313,10,65,1
4464,261,2,282,285,22,65,3
4465,284,0,285,343,1,65,3
4466,284,1,295,306,12,65,2
4467,296,0,306,340,11,65,2
4468,304,1,313,333,10,65,1
4469,313,1,333,343,20,65,1
4470,331,1,340,345,9,65,2
4471,332,2,343,349,11,65,1
4472,346,0,346,408,0,65,2
4473,350,0,350,354,0,65,1
4474,376,0,376,385,0,65,3
4475,380,0,380,386,0,65,1
4476,383,0,385,386,2,65,3
4477,385,1,386,389,1,65,3
4478,386,0,386,408,0,65,1
4479,390,0,390,448,0,65,3
4480,394,0,408,470,14,65,2
4481,406,1,408,423,2,65,1
4482,419,0,423,460,4,65,1
4483,427,0,448,456,22,65,3
4484,433,1,456,459,23,65,3
4485,439,2,459,484,20,65,3
4486,449,2,460,478,11,65,1
4487,462,0,470,474,8,65,2
4488,468,1,474,515,7,65,2
4489,470,2,478,501,8,65,1
4490,470,3,484,543,13,65,3
4491,473,3,501,522,28,65,1
4492,475,3,515,524,40,65,2
4493,482,3,522,568,41,65,1
4494,489,3,524,579,34,65,2
4495,495,4,543,548,48,65,3
4496,497,5,548,589,50,65,3
4497,497,6,568,587,71,65,1
4498,531,3,579,603,48,65,2
4499,534,4,587,595,53,65,1
4500,539,5,589,617,50,65,3
4501,541,6,595,629,54,65,1
4502,544,6,603,607,59,65,2
4503,547,7,607,634,60,65,2
4504,548,7,617,622,69,65,3
4505,551,8,622,640,71,65,3
4506,553,9,629,638,76,65,1
4507,561,10,634,639,73,65,2
4508,582,9,638,656,55,65,1
4509,599,7,639,682,40,65,2
4510,604,7,640,648,36,65,3
4511,604,8,648,653,44,65,3
4512,616,8,653,661,37,65,3
4513,623,7,656,681,33,65,1
4514,630,7,661,674,31,65,3
4515,645,4,674,703,29,65,3
4516,646,5,681,687,34,65,1
4517,657,3,682,683,25,65,2
4518,669,3,683,685,14,65,2
4519,677,3,685,731,7,65,2
4520,679,4,687,722,8,65,1
4521,682,3,703,725,21,65,3
4522,696,1,722,733,26,65,1
4523,698,2,725,750,27,65,3
4524,699,3,731,762,32,65,2
4525,120,3,143,147,22,66,1
4526,125,3,147,159,22,66,1
4527,133,4,149,169,16,66,3
4528,140,5,155,178,15,66,2
4529,145,3,159,177,14,66,1
4530,150,2,169,176,19,66,3
4531,152,3,176,180,23,66,3
4532,154,4,177,186,23,66,1
4533,160,3,178,194,18,66,2
4534,163,4,180,189,18,66,3
4535,163,5,186,220,22,66,1
4536,179,2,189,246,11,66,3
4537,186,1,194,198,8,66,2
4538,214,0,214,222,0,66,2
4539,227,0,227,256,0,66,1
4540,228,0,228,243,0,66,2
4541,230,0,243,253,14,66,2
4542,231,1,246,249,15,66,3
4543,243,2,249,266,6,66,3
4544,249,1,253,259,4,66,2
4545,251,1,256,272,5,66,1
4546,255,1,259,317,4,66,2
4547,270,0,270,284,0,66,3
4548,284,0,284,295,0,66,1
4549,285,0,285,289,0,66,3
4550,288,0,289,313,1,66,3
4551,295,0,295,316,0,66,1
4552,297,0,313,315,16,66,3
4553,320,0,320,325,0,66,3
4554,325,0,325,327,0,66,2
4555,331,0,331,350,0,66,3
4556,334,0,334,362,0,66,2
4557,339,0,339,390,0,66,1
4558,346,0,350,366,4,66,3
4559,367,0,367,393,0,66,3
4560,380,0,380,411,0,66,2
4561,392,0,392,402,0,66,1
4562,393,0,393,404,0,66,3
4563,394,0,402,436,8,66,1
4564,403,0,404,426,0,66,3
4565,407,0,411,418,4,66,2
4566,408,1,418,470,10,66,2
4567,412,1,426,446,14,66,3
4568,414,2,436,440,22,66,1
4569,429,1,440,459,11,66,1
4570,429,2,446,464,17,66,3
4571,431,3,459,464,29,66,1
4572,434,4,464,490,29,66,1
4573,445,3,464,500,19,66,3
4574,451,3,470,501,20,66,2
4575,453,4,490,520,36,66,1
4576,455,5,500,513,45,66,3
4577,462,5,501,540,40,66,2
4578,462,6,513,521,51,66,3
4579,464,6,520,524,56,66,1
4580,467,6,521,560,53,66,3
4581,470,7,524,533,53,66,1
4582,496,6,533,623,37,66,1
4583,498,7,540,575,42,66,2
4584,501,7,560,565,59,66,3
4585,505,7,565,577,60,66,3
4586,514,7,575,589,61,66,2
4587,515,8,577,620,62,66,3
4588,518,9,589,634,71,66,2
4589,532,7,620,656,88,66,3
4590,536,7,623,626,87,66,1
4591,553,7,626,642,73,66,1
4592,564,7,634,682,70,66,2
4593,579,5,642,643,63,66,1
4594,596,5,643,659,47,66,1
4595,603,6,656,658,53,66,3
4596,622,6,658,661,36,66,3
4597,638,4,659,668,21,66,1
4598,641,5,661,684,20,66,3
4599,642,5,668,701,27,66,1
4600,117,1,135,151,18,67,2
4601,122,1,151,202,29,67,2
4602,137,1,158,158,20,67,3
4603,151,2,158,172,7,67,3
4604,177,0,177,190,0,67,1
4605,178,0,178,192,0,67,3
4606,179,0,190,242,10,67,1
4607,193,0,193,220,0,67,3
4608,202,0,202,228,0,67,2
4609,227,0,227,244,0,67,3
4610,229,0,229,280,0,67,2
4611,234,0,242,255,9,67,1
4612,238,1,244,249,6,67,3
4613,248,0,249,258,1,67,3
4614,255,0,255,283,0,67,1
4615,262,0,262,265,0,67,3
4616,282,0,282,288,0,67,3
4617,293,0,293,307,0,67,3
4618,295,0,295,361,0,67,1
4619,300,0,300,312,0,67,2
4620,306,0,307,362,1,67,3
4621,311,0,312,346,0,67,2
4622,316,0,346,361,30,67,2
4623,319,1,361,364,42,67,2
4624,321,2,361,363,41,67,1
4625,324,3,362,491,38,67,3
4626,325,4,363,366,38,67,1
4627,328,5,364,375,36,67,2
4628,333,6,366,377,32,67,1
4629,337,7,375,379,38,67,2
4630,338,8,377,382,39,67,1
4631,344,9,379,383,35,67,2
4632,349,9,382,394,33,67,1
4633,351,10,383,388,32,67,2
4634,367,5,388,392,20,67,2
4635,368,6,392,393,23,67,2
4636,373,7,393,396,19,67,2
4637,376,7,394,437,18,67,1
4638,380,6,396,397,16,67,2
4639,381,7,397,465,15,67,2
4640,382,7,437,438,55,67,1
4641,396,3,438,483,42,67,1
4642,400,2,465,471,65,67,2
4643,403,3,471,571,68,67,2
4644,409,4,483,522,73,67,1
4645,409,5,491,538,82,67,3
4646,413,6,522,524,109,67,1
4647,418,7,524,566,107,67,1
4648,420,8,538,572,118,67,3
4649,421,9,566,576,146,67,1
4650,434,10,571,589,137,67,2
4651,439,9,572,577,133,67,3
4652,451,10,576,581,125,67,1
4653,499,7,577,577,77,67,3
4654,500,8,577,585,78,67,3
4655,516,9,581,581,65,67,1
4656,522,9,581,593,59,67,1
4657,537,9,585,595,49,67,3
4658,541,9,589,610,49,67,2
4659,549,10,593,606,44,67,1
4660,550,11,595,599,44,67,3
4661,551,12,599,610,48,67,3
4662,562,13,606,635,45,67,1
4663,565,14,610,620,45,67,3
4664,570,14,610,641,40,67,2
4665,571,15,620,635,49,67,3
4666,582,9,635,649,52,67,1
4667,582,10,635,635,53,67,3
4668,591,9,635,641,45,67,3
4669,596,8,641,657,45,67,2
4670,598,9,641,641,43,67,3
4671,599,10,641,660,43,67,3
4672,600,10,649,650,49,67,1
4673,610,10,650,673,41,67,1
4674,610,9,657,677,46,67,2
4675,617,10,660,678,43,67,3
4676,624,10,673,675,49,67,1
4677,628,11,675,676,47,67,1
4678,237,0,237,240,0,68,3
4679,243,0,243,273,0,68,1
4680,267,0,267,280,0,68,3
4681,271,0,271,282,0,68,2
4682,289,0,289,314,0,68,3
4683,295,0,295,321,0,68,2
4684,297,0,297,308,0,68,1
4685,325,0,325,327,0,68,1
4686,348,0,348,356,0,68,2
4687,354,0,354,368,0,68,3
4688,376,0,376,437,0,68,1
4689,387,0,387,432,0,68,2
4690,399,0,399,432,0,68,3
4691,402,0,432,436,30,68,2
4692,406,1,432,434,26,68,3
4693,415,2,434,437,19,68,3
4694,423,3,436,488,13,68,2
4695,424,4,437,442,14,68,1
4696,425,5,437,450,12,68,3
4697,436,2,442,466,5,68,1
4698,439,1,450,510,11,68,3
4699,442,1,466,472,24,68,1
4700,447,2,472,490,24,68,1
4701,450,2,488,488,37,68,2
4702,460,3,488,498,27,68,2
4703,472,2,490,507,18,68,1
4704,490,1,498,510,9,68,2
4705,499,0,507,536,8,68,1
4706,500,1,510,535,10,68,2
4707,509,1,510,551,1,68,3
4708,510,0,535,566,26,68,2
4709,518,1,536,538,18,68,1
4710,549,0,549,553,0,68,1
4711,554,0,554,561,0,68,1
4712,557,0,557,562,0,68,3
4713,560,0,561,578,1,68,1
4714,576,0,576,639,0,68,3
4715,577,0,577,593,0,68,2
4716,603,0,603,640,0,68,2
4717,607,0,607,607,0,68,1
4718,617,0,617,661,0,68,1
4719,626,0,639,677,13,68,3
4720,628,1,640,687,12,68,2
4721,637,2,661,672,25,68,1
4722,638,3,672,741,34,68,1
4723,650,2,677,695,27,68,3
4724,657,3,687,690,30,68,2
4725,662,3,690,741,28,68,2
4726,677,2,695,708,18,68,3
4727,684,3,708,732,24,68,3
4728,698,1,732,737,34,68,3
4729,708,2,737,763,29,68,3
4730,709,2,741,741,32,68,1
4731,709,3,741,753,32,68,2
4732,718,4,741,750,23,68,1
4733,718,5,750,759,32,68,1
4734,727,6,753,774,27,68,2
4735,728,7,759,763,31,68,1
4736,729,8,763,779,34,68,1
4737,758,2,763,773,5,68,3
4738,778,0,778,795,0,68,2
4739,816,0,816,816,0,68,3
4740,817,0,817,824,0,68,2
4741,830,0,830,842,0,68,3
4742,834,0,834,849,0,68,2
4743,843,0,843,860,0,68,1
4744,852,0,852,857,0,68,2
4745,853,0,853,884,0,68,3
4746,864,0,864,914,0,68,2
4747,868,0,868,890,0,68,1
4748,873,0,884,892,10,68,3
4749,884,1,890,909,6,68,1
4750,888,1,892,901,4,68,3
4751,895,0,901,902,6,68,3
4752,146,5,207,239,61,69,3
4753,156,5,207,220,51,69,1
4754,160,5,220,227,60,69,1
4755,164,6,227,249,63,69,1
4756,175,6,239,275,63,69,3
4757,184,6,242,246,58,69,2
4758,184,7,246,266,62,69,2
4759,189,7,249,261,60,69,1
4760,200,8,261,328,61,69,1
4761,203,9,266,275,63,69,2
4762,209,8,275,278,66,69,3
4763,233,7,275,281,42,69,2
4764,242,7,278,303,37,69,3
4765,248,6,281,293,34,69,2
4766,262,5,293,303,32,69,2
4767,264,6,303,305,38,69,2
4768,270,6,303,329,33,69,3
4769,274,7,305,316,31,69,2
4770,278,6,316,319,38,69,2
4771,288,5,319,320,30,69,2
4772,293,6,320,340,26,69,2
4773,309,3,328,365,19,69,1
4774,337,0,337,349,0,69,3
4775,338,0,340,352,2,69,2
4776,340,1,349,388,10,69,3
4777,343,1,352,357,9,69,2
4778,349,2,357,371,9,69,2
4779,354,1,365,375,11,69,1
4780,363,1,371,427,8,69,2
4781,369,1,375,375,6,69,1
4782,376,0,376,383,0,69,1
4783,379,0,383,387,3,69,1
4784,391,0,391,418,0,69,3
4785,391,0,391,405,0,69,1
4786,396,0,405,409,8,69,1
4787,399,1,409,420,10,69,1
4788,429,0,429,432,0,69,3
4789,440,0,440,450,0,69,1
4790,444,0,444,491,0,69,3
4791,448,0,448,453,0,69,2
4792,453,0,453,458,0,69,1
4793,453,0,453,459,0,69,2
4794,455,0,458,544,2,69,1
4795,462,0,462,489,0,69,2
4796,465,0,489,506,23,69,2
4797,475,1,491,512,17,69,3
4798,482,2,506,510,24,69,2
4799,504,1,510,512,7,69,2
4800,504,2,512,587,8,69,2
4801,513,0,513,541,0,69,3
4802,521,0,541,577,20,69,3
4803,541,0,544,547,2,69,1
4804,546,0,547,590,2,69,1
4805,546,1,577,607,31,69,3
4806,567,1,587,630,20,69,2
4807,569,2,590,611,20,69,1
4808,571,3,607,617,36,69,3
4809,582,3,611,656,28,69,1
4810,589,3,617,631,28,69,3
4811,605,3,630,634,26,69,2
4812,608,3,631,635,23,69,3
4813,626,2,634,656,7,69,2
4814,656,0,656,678,0,69,3
4815,680,0,680,683,0,69,2
4816,684,0,684,707,0,69,2
4817,690,0,690,720,0,69,3
4818,695,0,695,703,0,69,1
4819,697,0,703,720,6,69,1
4820,702,1,707,741,5,69,2
4821,703,1,720,727,16,69,1
4822,133,3,166,192,33,70,1
4823,133,4,183,205,50,70,2
4824,146,4,190,269,44,70,3
4825,148,5,192,194,44,70,1
4826,160,5,194,216,34,70,1
4827,166,5,205,278,39,70,2
4828,175,5,216,224,42,70,1
4829,178,6,224,245,46,70,1
4830,180,7,245,253,65,70,1
4831,184,7,253,277,69,70,1
4832,187,8,269,297,82,70,3
4833,188,9,277,280,89,70,1
4834,188,10,278,286,90,70,2
4835,190,10,280,289,89,70,1
4836,191,11,286,296,95,70,2
4837,204,10,289,289,85,70,1
4838,205,10,289,293,85,70,1
4839,233,9,293,322,60,70,1
4840,244,10,296,374,52,70,2
4841,248,10,297,317,49,70,3
4842,249,11,317,320,69,70,3
4843,268,11,320,346,52,70,3
4844,276,11,322,327,46,70,1
4845,295,5,327,384,33,70,1
4846,297,5,346,371,50,70,3
4847,312,5,371,394,59,70,3
4848,316,6,374,411,58,70,2
4849,318,6,384,434,66,70,1
4850,329,4,394,414,65,70,3
4851,338,5,411,430,73,70,2
4852,341,6,414,439,73,70,3
4853,354,6,430,445,76,70,2
4854,361,7,434,440,73,70,1
4855,370,8,439,461,70,70,3
4856,398,5,440,446,43,70,1
4857,398,6,445,462,47,70,2
4858,434,4,446,447,12,70,1
4859,439,4,447,474,8,70,1
4860,446,1,461,508,15,70,3
4861,452,1,462,470,10,70,2
4862,455,2,470,490,15,70,2
4863,471,0,474,498,3,70,1
4864,473,1,490,504,17,70,2
4865,480,1,498,521,18,70,1
4866,490,2,504,507,14,70,2
4867,492,2,507,534,15,70,2
4868,495,3,508,511,14,70,3
4869,526,0,526,527,0,70,1
4870,533,0,533,597,0,70,1
4871,540,0,540,556,0,70,2
4872,540,0,540,550,0,70,3
4873,541,0,550,552,10,70,3
4874,553,0,553,579,0,70,3
4875,554,0,556,558,2,70,2
4876,556,0,558,612,1,70,2
4877,558,1,579,592,22,70,3
4878,559,1,592,616,33,70,3
4879,560,2,597,602,36,70,1
4880,578,3,602,602,24,70,1
4881,585,3,602,618,17,70,1
4882,591,4,612,656,20,70,2
4883,599,3,616,622,16,70,3
4884,207,0,207,223,0,71,1
4885,208,0,211,232,4,71,3
4886,210,1,223,226,14,71,1
4887,211,2,226,256,15,71,1
4888,216,2,226,233,10,71,2
4889,228,0,232,251,4,71,3
4890,230,1,233,257,3,71,2
4891,234,0,251,382,17,71,3
4892,242,1,256,263,13,71,1
4893,249,2,257,274,8,71,2
4894,256,1,263,278,7,71,1
4895,333,0,333,359,0,71,1
4896,365,0,365,407,0,71,2
4897,378,0,378,401,0,71,1
4898,383,0,383,411,0,71,3
4899,386,0,401,413,15,71,1
4900,388,1,407,419,19,71,2
4901,390,2,411,413,21,71,3
4902,403,2,413,419,10,71,3
4903,405,3,413,429,8,71,1
4904,408,3,419,446,11,71,3
4905,411,3,419,463,8,71,2
4906,412,4,429,437,16,71,1
4907,425,1,437,462,12,71,1
4908,435,1,446,456,11,71,3
4909,442,1,456,508,14,71,3
4910,446,1,462,480,16,71,1
4911,464,0,464,508,0,71,2
4912,469,0,480,526,11,71,1
4913,476,1,508,517,32,71,3
4914,477,2,508,509,31,71,2
4915,497,2,509,517,12,71,2
4916,520,0,520,564,0,71,2
4917,529,0,529,550,0,71,1
4918,530,0,530,540,0,71,3
4919,541,0,541,573,0,71,3
4920,542,0,550,553,8,71,1
4921,546,1,553,596,8,71,1
4922,546,2,564,582,18,71,2
4923,548,3,573,577,24,71,3
4924,563,2,577,588,13,71,3
4925,563,3,582,588,19,71,2
4926,568,3,588,590,20,71,3
4927,569,4,588,589,20,71,2
4928,574,4,589,665,15,71,2
4929,583,3,590,597,7,71,3
4930,601,0,601,606,0,71,3
4931,603,0,603,625,0,71,1
4932,607,0,607,612,0,71,3
4933,619,0,619,624,0,71,3
4934,630,0,630,646,0,71,3
4935,644,0,644,661,0,71,1
4936,647,0,647,684,0,71,3
4937,656,0,661,705,5,71,1
4938,699,0,699,716,0,71,2
4939,710,0,710,712,0,71,3
4940,717,0,717,766,0,71,2
4941,719,0,719,720,0,71,3
4942,729,0,729,748,0,71,3
4943,731,0,731,772,0,71,1
4944,736,0,748,751,12,71,3
4945,750,0,751,763,1,71,3
4946,758,0,763,808,5,71,3
4947,764,0,766,768,2,71,2
4948,764,1,768,769,4,71,2
4949,778,0,778,796,0,71,2
4950,780,0,780,793,0,71,1
4951,782,0,793,803,10,71,1
4952,787,1,796,798,10,71,2
4953,800,0,800,806,0,71,2
4954,807,0,807,845,0,71,1
4955,821,0,821,840,0,71,2
4956,833,0,833,853,0,71,3
4957,839,0,840,847,1,71,2
4958,842,0,845,868,4,71,1
4959,843,1,847,848,4,71,2
4960,859,0,859,863,0,71,2
4961,866,0,866,874,0,71,3
4962,100,4,117,120,17,72,3
4963,106,3,120,146,14,72,3
4964,115,2,136,186,22,72,1
4965,117,3,146,153,29,72,3
4966,121,2,153,155,33,72,3
4967,123,3,155,192,32,72,3
4968,125,4,159,232,34,72,2
4969,125,5,186,204,61,72,1
4970,137,5,192,193,55,72,3
4971,138,6,193,226,54,72,3
4972,139,7,204,205,65,72,1
4973,144,8,205,213,60,72,1
4974,145,9,213,287,67,72,1
4975,151,9,226,227,76,72,3
4976,180,7,227,240,47,72,3
4977,180,8,232,238,53,72,2
4978,190,8,238,323,47,72,2
4979,191,9,240,257,49,72,3
4980,195,8,257,264,62,72,3
4981,201,9,264,278,63,72,3
4982,207,8,278,317,72,72,3
4983,214,8,287,309,73,72,1
4984,222,9,309,330,87,72,1
4985,227,9,317,345,91,72,3
4986,241,6,323,323,82,72,2
4987,244,7,323,365,79,72,2
4988,249,8,330,359,81,72,1
4989,264,8,345,364,81,72,3
4990,269,8,359,373,89,72,1
4991,276,9,364,373,88,72,3
4992,307,8,365,375,58,72,2
4993,310,8,373,392,63,72,3
4994,313,9,373,419,60,72,1
4995,319,9,375,405,56,72,2
4996,322,10,392,399,70,72,3
4997,323,11,399,443,76,72,3
4998,332,9,405,439,73,72,2
4999,355,9,419,426,65,72,1
5000,359,9,426,439,67,72,1
5001,361,10,439,444,78,72,2
5002,364,10,439,449,75,72,1
5003,369,10,443,445,73,72,3
5004,398,7,444,499,46,72,2
5005,405,7,445,468,40,72,3
5006,412,7,449,451,36,72,1
5007,413,8,451,490,38,72,1
5008,415,9,468,477,53,72,3
5009,417,10,477,491,60,72,3
5010,419,11,490,497,71,72,1
5011,423,11,491,493,69,72,3
5012,429,11,493,539,64,72,3
5013,441,10,497,516,56,72,1
5014,441,11,499,578,58,72,2
5015,442,12,516,546,74,72,1
5016,447,10,539,542,91,72,3
5017,449,10,542,552,92,72,3
5018,453,10,546,576,93,72,1
5019,458,11,552,554,95,72,3
5020,466,12,554,583,88,72,3
5021,471,12,576,612,105,72,1
5022,472,13,578,583,107,72,2
5023,473,14,583,601,109,72,3
5024,476,15,583,588,107,72,2
5025,481,15,588,591,107,72,2
5026,482,16,591,646,109,72,2
5027,485,17,601,608,116,72,3
5028,490,18,608,662,119,72,3
5029,494,16,612,645,119,72,1
5030,507,15,645,656,138,72,1
5031,524,15,646,657,122,72,2
5032,527,16,656,665,129,72,1
5033,527,17,657,701,129,72,2
5034,531,18,662,687,131,72,3
5035,543,17,665,687,121,72,1
5036,548,17,687,697,138,72,1
5037,561,16,687,747,126,72,3
5038,568,17,697,717,129,72,1
5039,569,18,701,724,132,72,2
5040,583,16,717,754,134,72,1
5041,588,15,724,743,136,72,2
5042,148,1,167,195,19,73,2
5043,151,2,169,172,18,73,3
5044,193,0,193,226,0,73,3
5045,196,0,196,205,0,73,2
5046,202,0,202,211,0,73,1
5047,211,0,211,227,0,73,2
5048,214,0,214,246,0,73,1
5049,229,0,229,233,0,73,2
5050,232,0,232,234,0,73,3
5051,244,0,244,304,0,73,3
5052,258,0,258,294,0,73,1
5053,261,0,261,264,0,73,2
5054,264,0,264,282,0,73,2
5055,267,0,282,365,14,73,2
5056,275,1,294,306,18,73,1
5057,276,2,304,305,28,73,3
5058,279,3,305,310,26,73,3
5059,284,3,306,308,22,73,1
5060,295,3,308,330,13,73,1
5061,303,4,310,340,7,73,3
5062,314,0,330,339,17,73,1
5063,317,1,339,341,22,73,1
5064,323,2,340,355,17,73,3
5065,329,3,341,345,11,73,1
5066,341,1,345,390,4,73,1
5067,347,0,355,367,8,73,3
5068,347,1,365,405,17,73,2
5069,361,1,367,373,6,73,3
5070,379,0,379,394,0,73,3
5071,385,0,390,400,5,73,1
5072,389,1,394,402,6,73,3
5073,392,1,400,427,8,73,1
5074,396,1,402,409,6,73,3
5075,401,1,405,410,3,73,2
5076,402,2,409,413,7,73,3
5077,418,0,418,421,0,73,3
5078,437,0,437,446,0,73,2
5079,440,0,440,451,0,73,3
5080,453,0,453,478,0,73,1
5081,462,0,462,469,0,73,2
5082,464,0,464,469,0,73,3
5083,468,0,469,477,1,73,2
5084,469,0,469,478,0,73,3
5085,471,0,477,480,6,73,2
5086,475,1,478,516,2,73,3
5087,486,0,486,510,0,73,2
5088,498,0,498,504,0,73,1
5089,507,0,507,535,0,73,1
5090,525,0,525,527,0,73,2
5091,544,0,544,626,0,73,1
5092,551,0,551,591,0,73,2
5093,555,0,555,665,0,73,3
5094,563,0,591,639,27,73,2
5095,564,1,626,632,63,73,1
5096,572,2,632,662,60,73,1
5097,583,3,639,691,57,73,2
5098,586,4,662,688,76,73,1
5099,587,5,665,721,78,73,3
5100,592,5,688,713,97,73,1
5101,593,6,691,733,98,73,2
5102,614,7,713,720,99,73,1
5103,618,8,720,723,101,73,1
5104,660,6,721,726,61,73,3
5105,681,5,723,732,42,73,1
5106,685,6,726,726,40,73,3
5107,692,5,726,741,34,73,3
5108,694,6,732,765,38,73,1
5109,694,7,733,761,39,73,2
5110,696,8,741,742,44,73,3
5111,699,9,742,787,43,73,3
5112,704,10,761,782,57,73,2
5113,707,11,765,823,57,73,1
5114,721,9,782,798,61,73,2
5115,729,7,787,796,58,73,3
5116,742,5,796,808,55,73,3
5117,742,5,798,810,57,73,2
5118,145,5,222,235,77,74,2
5119,163,2,235,263,72,74,2
5120,164,3,256,281,92,74,1
5121,165,4,263,267,98,74,2
5122,169,5,267,281,98,74,2
5123,170,6,281,297,111,74,1
5124,174,7,281,282,108,74,2
5125,174,8,282,340,108,74,2
5126,177,9,297,314,120,74,3
5127,180,10,297,341,117,74,1
5128,188,11,314,364,126,74,3
5129,204,12,340,368,136,74,2
5130,204,13,341,361,137,74,1
5131,208,14,361,377,153,74,1
5132,210,15,364,372,155,74,3
5133,224,14,368,392,145,74,2
5134,236,14,372,414,136,74,3
5135,236,15,377,381,141,74,1
5136,238,16,381,395,143,74,1
5137,243,17,392,412,149,74,2
5138,251,18,395,403,144,74,1
5139,254,19,403,423,149,74,1
5140,257,19,412,448,155,74,2
5141,257,20,414,430,157,74,3
5142,259,21,423,423,165,74,1
5143,262,22,423,429,161,74,1
5144,266,22,429,450,163,74,1
5145,283,19,430,431,147,74,3
5146,285,20,431,471,145,74,3
5147,289,21,448,477,159,74,2
5148,292,22,450,457,158,74,1
5149,303,21,457,486,155,74,1
5150,308,22,471,477,164,74,3
5151,322,22,477,514,154,74,3
5152,326,23,477,482,151,74,2
5153,342,22,482,484,139,74,2
5154,346,23,484,510,138,74,2
5155,351,24,486,508,135,74,1
5156,371,22,508,554,137,74,1
5157,400,18,510,544,110,74,2
5158,403,19,514,556,111,74,3
5159,452,10,544,552,93,74,2
5160,456,11,552,626,96,74,2
5161,459,11,554,581,95,74,1
5162,474,11,556,561,82,74,3
5163,476,12,561,583,84,74,3
5164,478,11,581,609,103,74,1
5165,478,12,583,614,105,74,3
5166,486,11,609,631,123,74,1
5167,489,11,614,652,125,74,3
5168,491,12,626,631,135,74,2
5169,513,11,631,641,118,74,2
5170,523,11,631,660,108,74,1
5171,528,12,641,675,113,74,2
5172,529,13,652,660,123,74,3
5173,539,14,660,682,121,74,1
5174,551,14,660,681,109,74,3
5175,555,13,675,675,120,74,2
5176,560,13,675,682,116,74,2
5177,570,13,681,681,111,74,3
5178,573,14,681,685,108,74,3
5179,187,1,205,207,17,75,1
5180,194,2,207,265,13,75,1
5181,197,3,215,258,19,75,3
5182,204,3,220,224,16,75,2
5183,217,1,224,229,7,75,2
5184,218,2,229,235,11,75,2
5185,227,1,235,250,8,75,2
5186,230,1,250,319,20,75,2
5187,236,1,258,258,22,75,3
5188,243,2,258,259,15,75,3
5189,261,0,261,301,0,75,3
5190,262,0,265,296,4,75,1
5191,271,0,296,327,25,75,1
5192,274,1,301,356,27,75,3
5193,282,2,319,336,38,75,2
5194,285,3,327,331,42,75,1
5195,290,4,331,377,42,75,1
5196,293,5,336,359,43,75,2
5197,294,6,356,357,61,75,3
5198,311,5,357,398,47,75,3
5199,333,3,359,372,26,75,2
5200,335,4,372,392,38,75,2
5201,341,4,377,379,36,75,1
5202,341,5,379,389,38,75,1
5203,355,6,389,421,34,75,1
5204,355,7,392,410,36,75,2
5205,369,5,398,403,28,75,3
5206,382,3,403,411,21,75,3
5207,390,3,410,464,20,75,2
5208,407,1,411,463,5,75,3
5209,416,0,421,466,5,75,1
5210,417,1,463,488,47,75,3
5211,429,1,464,476,35,75,2
5212,434,2,466,472,32,75,1
5213,436,3,472,554,36,75,1
5214,437,4,476,477,38,75,2
5215,452,5,477,502,25,75,2
5216,454,6,488,490,34,75,3
5217,463,7,490,546,27,75,3
5218,467,5,502,511,35,75,2
5219,471,6,511,512,40,75,2
5220,490,3,512,555,23,75,2
5221,497,3,546,554,49,75,3
5222,522,1,554,593,32,75,3
5223,533,2,554,563,22,75,1
5224,542,3,555,617,13,75,2
5225,544,4,563,577,18,75,1
5226,545,5,577,578,32,75,1
5227,548,5,578,586,29,75,1
5228,557,3,586,607,29,75,1
5229,564,3,593,596,30,75,3
5230,584,2,596,608,12,75,3
5231,587,2,607,650,20,75,1
5232,588,3,608,643,20,75,3
5233,592,4,617,634,24,75,2
5234,593,5,634,637,41,75,2
5235,604,4,637,643,32,75,2
5236,607,5,643,698,36,75,3
5237,611,4,643,647,32,75,2
5238,613,5,647,662,34,75,2
5239,621,5,650,652,29,75,1
5240,622,6,652,683,30,75,1
5241,624,7,662,677,38,75,2
5242,638,6,677,714,40,75,2
5243,638,7,683,703,45,75,1
5244,651,4,698,701,47,75,3
5245,653,4,701,709,48,75,3
5246,182,0,182,182,0,76,1
5247,191,0,191,194,0,76,1
5248,197,0,197,229,0,76,1
5249,202,0,202,203,0,76,3
5250,203,0,203,204,0,76,2
5251,205,0,205,209,0,76,3
5252,214,0,214,223,0,76,3
5253,219,0,219,245,0,76,2
5254,225,0,225,226,0,76,3
5255,235,0,235,243,0,76,3
5256,242,0,242,266,0,76,1
5257,245,0,245,253,0,76,3
5258,252,0,252,263,0,76,2
5259,259,0,259,264,0,76,3
5260,278,0,278,282,0,76,1
5261,288,0,288,308,0,76,2
5262,290,0,290,316,0,76,3
5263,290,0,290,300,0,76,1
5264,293,0,300,328,7,76,1
5265,295,1,308,340,13,76,2
5266,298,2,316,327,18,76,3
5267,316,0,327,334,11,76,3
5268,326,1,328,351,2,76,1
5269,326,2,334,378,8,76,3
5270,328,1,340,357,12,76,2
5271,333,2,351,354,17,76,1
5272,342,1,354,385,12,76,1
5273,359,0,359,375,0,76,2
5274,360,0,375,376,15,76,2
5275,376,0,376,418,0,76,2
5276,380,0,380,404,0,76,3
5277,382,0,385,420,3,76,1
5278,389,0,404,437,15,76,3
5279,389,1,418,425,29,76,2
5280,401,2,420,447,18,76,1
5281,409,2,425,432,16,76,2
5282,416,3,432,474,16,76,2
5283,428,1,437,461,9,76,3
5284,429,2,447,476,18,76,1
5285,435,2,461,480,26,76,3
5286,438,2,474,479,36,76,2
5287,442,3,476,479,33,76,1
5288,447,3,479,483,31,76,2
5289,451,4,479,505,27,76,1
5290,458,5,480,490,22,76,3
5291,461,6,483,491,22,76,2
5292,470,6,490,503,21,76,3
5293,472,7,491,495,19,76,2
5294,473,8,495,518,22,76,2
5295,483,3,503,509,20,76,3
5296,493,2,505,581,12,76,1
5297,497,2,509,514,12,76,3
5298,519,0,519,526,0,76,3
5299,525,0,525,536,0,76,2
5300,530,0,530,541,0,76,3
5301,535,0,536,547,1,76,2
5302,538,0,541,591,3,76,3
5303,564,0,564,592,0,76,2
5304,574,0,581,583,7,76,1
5305,577,1,583,617,6,76,1
5306,583,1,591,616,8,76,3
5307,583,2,592,597,9,76,2
5308,128,4,169,172,41,77,2
5309,139,5,170,179,31,77,3
5310,144,4,170,194,26,77,1
5311,146,4,172,351,25,77,2
5312,165,4,179,184,13,77,3
5313,168,5,184,189,16,77,3
5314,175,2,189,199,14,77,3
5315,180,2,194,244,14,77,1
5316,184,2,199,201,15,77,3
5317,186,3,201,234,15,77,3
5318,186,4,234,250,48,77,3
5319,187,5,244,291,57,77,1
5320,193,5,250,269,57,77,3
5321,199,5,269,323,70,77,3
5322,204,4,291,335,87,77,1
5323,217,5,323,332,105,77,3
5324,218,6,332,337,114,77,3
5325,219,7,335,348,117,77,1
5326,252,5,337,340,85,77,3
5327,253,6,340,356,87,77,3
5328,259,7,348,355,89,77,1
5329,260,8,351,362,91,77,2
5330,278,8,355,372,77,77,1
5331,314,8,356,372,41,77,3
5332,321,9,362,371,42,77,2
5333,343,5,371,430,28,77,2
5334,350,5,372,393,22,77,3
5335,375,0,375,407,0,77,1
5336,376,0,393,395,18,77,3
5337,383,1,395,400,12,77,3
5338,388,2,400,403,12,77,3
5339,403,0,403,424,0,77,3
5340,406,0,407,424,1,77,1
5341,409,0,424,477,14,77,1
5342,412,1,424,432,12,77,3
5343,413,2,430,442,17,77,2
5344,416,3,432,479,17,77,3
5345,431,1,442,446,11,77,2
5346,450,0,450,493,0,77,2
5347,469,0,477,517,8,77,1
5348,472,1,479,481,7,77,3
5349,477,2,481,487,4,77,3
5350,489,0,489,494,0,77,3
5351,495,0,495,528,0,77,2
5352,497,0,497,513,0,77,3
5353,499,0,513,526,14,77,3
5354,499,1,517,551,18,77,1
5355,509,2,526,529,17,77,3
5356,515,2,528,578,13,77,2
5357,516,3,529,571,14,77,3
5358,526,2,551,561,24,77,1
5359,527,3,561,642,34,77,1
5360,534,2,571,583,37,77,3
5361,545,3,578,585,33,77,2
5362,558,3,583,589,25,77,3
5363,564,3,585,630,20,77,2
5364,569,4,589,609,21,77,3
5365,571,5,609,663,38,77,3
5366,576,5,630,648,54,77,2
5367,582,5,642,690,61,77,1
5368,589,4,648,652,59,77,2
5369,597,4,652,674,55,77,2
5370,599,5,663,683,63,77,3
5371,601,6,674,684,73,77,2
5372,604,7,683,717,78,77,3
5373,616,7,684,724,68,77,2
5374,632,7,690,712,58,77,1
5375,634,8,712,724,78,77,1
5376,644,8,717,740,73,77,3
5377,650,8,724,732,74,77,2
5378,663,7,724,762,61,77,1
5379,671,8,732,736,60,77,2
5380,676,8,736,737,60,77,2
5381,677,9,737,781,60,77,2
5382,679,10,740,751,61,77,3
5383,687,9,751,761,64,77,3
5384,691,9,761,790,70,77,3
5385,692,10,762,771,69,77,1
5386,697,11,771,784,74,77,1
5387,698,12,781,787,83,77,2
5388,131,3,172,174,41,78,1
5389,140,2,174,174,35,78,1
5390,148,3,174,177,27,78,1
5391,156,4,177,209,21,78,1
5392,170,4,185,253,16,78,2
5393,172,4,208,231,36,78,3
5394,175,3,209,240,34,78,1
5395,175,4,231,275,56,78,3
5396,177,5,240,262,63,78,1
5397,181,5,253,281,72,78,2
5398,202,5,262,280,60,78,1
5399,223,4,275,305,52,78,3
5400,261,2,280,295,19,78,1
5401,271,2,281,284,11,78,2
5402,279,2,284,311,5,78,2
5403,280,2,295,329,16,78,1
5404,280,3,305,319,25,78,3
5405,286,2,311,327,24,78,2
5406,291,3,319,327,28,78,3
5407,304,3,327,332,23,78,3
5408,304,4,327,330,22,78,2
5409,316,3,329,330,12,78,1
5410,331,0,331,344,0,78,1
5411,334,0,334,344,0,78,2
5412,348,0,348,373,0,78,1
5413,352,0,352,376,0,78,3
5414,373,0,373,391,0,78,2
5415,379,0,379,392,0,78,3
5416,391,0,391,411,0,78,2
5417,401,0,401,416,0,78,1
5418,405,0,405,408,0,78,3
5419,407,0,408,408,0,78,3
5420,411,0,411,412,0,78,3
5421,412,0,412,431,0,78,3
5422,413,0,413,414,0,78,2
5423,414,0,414,433,0,78,2
5424,417,0,417,419,0,78,1
5425,433,0,433,479,0,78,1
5426,435,0,435,449,0,78,3
5427,435,0,435,440,0,78,2
5428,438,0,440,486,2,78,2
5429,441,0,449,499,8,78,3
5430,443,1,479,499,36,78,1
5431,444,2,486,518,42,78,2
5432,447,3,499,502,52,78,1
5433,457,3,499,516,42,78,3
5434,457,4,502,539,44,78,1
5435,459,5,516,544,57,78,3
5436,465,6,518,518,52,78,2
5437,466,7,518,528,52,78,2
5438,477,8,528,539,51,78,2
5439,478,9,539,548,61,78,2
5440,485,9,539,553,54,78,1
5441,488,9,544,552,56,78,3
5442,489,10,548,557,59,78,2
5443,504,8,552,565,47,78,3
5444,505,9,553,577,48,78,1
5445,520,7,557,571,38,78,2
5446,536,7,565,568,29,78,3
5447,554,2,568,580,15,78,3
5448,564,2,571,575,7,78,2
5449,565,3,575,584,10,78,2
5450,571,1,577,581,7,78,1
5451,584,0,584,600,0,78,1
5452,596,0,596,631,0,78,2
5453,600,0,600,603,0,78,1
5454,626,0,626,629,0,78,1
5455,637,0,637,642,0,78,2
5456,637,0,637,657,0,78,1
5457,641,0,641,652,0,78,3
5458,644,0,644,645,0,78,2
5459,644,0,645,652,1,78,2
5460,649,0,652,655,3,78,2
5461,671,0,671,683,0,78,1
5462,672,0,672,696,0,78,2
5463,125,11,218,242,93,79,2
5464,125,12,237,238,112,79,1
5465,134,10,238,261,104,79,1
5466,135,11,239,240,103,79,3
5467,141,12,240,271,98,79,3
5468,146,13,242,253,96,79,2
5469,158,14,253,266,96,79,2
5470,159,15,261,264,102,79,1
5471,160,16,264,277,104,79,1
5472,174,16,266,274,93,79,2
5473,175,17,271,274,96,79,3
5474,194,16,274,286,80,79,2
5475,196,17,274,304,78,79,3
5476,196,18,277,282,80,79,1
5477,216,15,282,322,66,79,1
5478,217,16,286,299,69,79,2
5479,220,15,299,333,78,79,2
5480,224,16,304,330,80,79,3
5481,234,17,322,391,88,79,1
5482,241,14,330,363,89,79,3
5483,243,14,333,355,91,79,2
5484,247,15,355,364,108,79,2
5485,266,13,363,385,97,79,3
5486,274,10,364,364,89,79,2
5487,283,9,364,367,81,79,2
5488,286,10,367,387,82,79,2
5489,286,10,385,392,99,79,3
5490,290,11,387,400,97,79,2
5491,314,10,391,414,77,79,1
5492,320,11,392,457,72,79,3
5493,336,9,400,401,64,79,2
5494,338,10,401,414,63,79,2
5495,338,11,414,429,76,79,1
5496,342,12,414,416,72,79,2
5497,372,8,416,418,44,79,2
5498,380,9,418,427,39,79,2
5499,402,4,427,456,25,79,2
5500,405,5,429,483,24,79,1
5501,423,2,456,482,33,79,2
5502,423,3,457,528,34,79,3
5503,440,2,482,484,42,79,2
5504,446,3,483,483,37,79,1
5505,456,4,483,545,27,79,1
5506,465,3,484,485,19,79,2
5507,474,4,485,501,11,79,2
5508,477,5,501,538,24,79,2
5509,479,6,528,538,49,79,3
5510,479,7,538,546,59,79,2
5511,489,3,538,592,49,79,3
5512,499,4,545,556,47,79,1
5513,508,4,546,555,37,79,2
5514,543,2,555,558,12,79,2
5515,544,3,556,621,12,79,1
5516,547,2,558,569,11,79,2
5517,557,1,569,596,11,79,2
5518,561,1,592,631,31,79,3
5519,564,2,596,611,32,79,2
5520,581,2,611,632,29,79,2
5521,589,3,621,623,32,79,1
5522,592,3,623,635,30,79,1
5523,599,3,631,671,32,79,3
5524,618,3,632,633,14,79,2
5525,640,0,640,669,0,79,2
5526,642,0,642,663,0,79,1
5527,648,0,663,671,16,79,1
5528,648,1,669,684,21,79,2
5529,198,0,200,310,3,80,2
5530,198,1,201,206,3,80,1
5531,200,2,206,222,6,80,1
5532,216,0,216,228,0,80,3
5533,218,0,222,232,4,80,1
5534,255,0,255,259,0,80,1
5535,269,0,269,283,0,80,1
5536,269,0,269,278,0,80,3
5537,278,0,278,309,0,80,3
5538,279,0,283,299,3,80,1
5539,290,0,299,327,9,80,1
5540,303,0,309,315,6,80,3
5541,312,0,312,329,0,80,2
5542,314,0,315,330,1,80,3
5543,320,0,327,346,7,80,1
5544,321,1,329,344,8,80,2
5545,327,2,330,333,3,80,3
5546,338,0,338,339,0,80,3
5547,344,0,344,374,0,80,3
5548,346,0,346,352,0,80,2
5549,348,0,348,456,0,80,1
5550,349,0,352,354,3,80,2
5551,355,0,355,355,0,80,2
5552,365,0,365,421,0,80,2
5553,367,0,374,400,7,80,3
5554,378,0,400,440,22,80,3
5555,391,1,421,421,29,80,2
5556,396,2,421,465,26,80,2
5557,398,3,440,441,42,80,3
5558,401,3,441,518,41,80,3
5559,402,4,456,484,55,80,1
5560,435,3,465,481,30,80,2
5561,436,4,481,487,45,80,2
5562,446,3,484,498,38,80,1
5563,454,4,487,490,33,80,2
5564,462,4,490,499,28,80,2
5565,472,4,498,510,26,80,1
5566,477,5,499,511,22,80,2
5567,478,6,510,534,32,80,1
5568,479,7,511,527,31,80,2
5569,482,7,518,529,37,80,3
5570,482,8,527,555,45,80,2
5571,493,6,529,567,37,80,3
5572,494,7,534,555,40,80,1
5573,521,3,555,566,35,80,2
5574,524,4,555,565,31,80,1
5575,542,2,565,567,23,80,1
5576,544,3,566,571,22,80,2
5577,545,4,567,576,22,80,1
5578,551,5,567,580,16,80,3
5579,551,6,571,628,20,80,2
5580,552,7,576,583,24,80,1
5581,562,6,580,582,18,80,3
5582,584,0,584,593,0,80,1
5583,585,0,585,586,0,80,3
5584,593,0,593,599,0,80,3
5585,600,0,600,654,0,80,1
5586,601,0,601,616,0,80,3
5587,619,0,619,630,0,80,3
5588,636,0,636,648,0,80,3
5589,649,0,649,679,0,80,3
5590,651,0,651,670,0,80,2
5591,654,0,654,656,0,80,1
5592,100,1,119,125,19,81,2
5593,101,2,125,137,24,81,2
5594,102,3,128,135,26,81,1
5595,112,3,133,162,20,81,3
5596,125,3,135,184,10,81,1
5597,131,2,137,139,6,81,2
5598,132,3,139,172,7,81,2
5599,152,0,162,167,10,81,3
5600,166,0,167,201,1,81,3
5601,169,0,172,175,3,81,2
5602,177,0,177,210,0,81,2
5603,178,0,184,184,6,81,1
5604,181,1,184,244,3,81,1
5605,184,1,201,251,17,81,3
5606,192,1,210,226,17,81,2
5607,200,2,226,246,26,81,2
5608,202,2,244,249,42,81,1
5609,215,2,246,256,32,81,2
5610,235,2,249,265,14,81,1
5611,235,3,251,253,15,81,3
5612,239,4,253,272,14,81,3
5613,240,5,256,259,16,81,2
5614,245,5,259,272,14,81,2
5615,247,5,265,278,18,81,1
5616,256,2,272,278,15,81,3
5617,260,2,272,282,11,81,2
5618,267,2,278,300,11,81,3
5619,278,0,278,342,0,81,1
5620,279,0,282,305,4,81,2
5621,281,1,300,304,19,81,3
5622,282,2,304,306,22,81,3
5623,294,2,305,390,11,81,2
5624,307,0,307,350,0,81,3
5625,316,0,342,381,26,81,1
5626,316,1,350,381,34,81,3
5627,323,2,381,419,58,81,1
5628,331,3,381,400,51,81,3
5629,343,3,390,432,47,81,2
5630,345,4,400,457,55,81,3
5631,353,4,419,422,66,81,1
5632,354,5,422,460,69,81,1
5633,355,6,432,443,77,81,2
5634,360,7,443,448,83,81,2
5635,361,8,448,449,87,81,2
5636,362,9,449,458,87,81,2
5637,379,10,457,468,78,81,3
5638,382,9,458,463,76,81,2
5639,396,9,460,465,64,81,1
5640,403,9,463,492,60,81,2
5641,419,9,465,502,46,81,1
5642,424,9,468,469,44,81,3
5643,430,10,469,472,38,81,3
5644,446,9,472,491,26,81,3
5645,449,8,491,492,42,81,3
5646,451,9,492,499,41,81,3
5647,454,10,492,500,38,81,2
5648,458,10,499,521,41,81,3
5649,461,9,500,504,38,81,2
5650,471,6,502,557,31,81,1
5651,474,6,504,538,30,81,2
5652,474,7,521,527,47,81,3
5653,480,8,527,550,47,81,3
5654,491,8,538,541,47,81,2
5655,510,3,541,554,31,81,2
5656,516,4,550,558,34,81,3
5657,538,3,554,572,15,81,2
5658,545,2,557,587,11,81,1
5659,549,3,558,562,9,81,3
5660,552,3,562,566,10,81,3
5661,558,2,566,610,8,81,3
5662,568,0,572,577,4,81,2
5663,573,0,577,578,4,81,2
5664,603,0,603,613,0,81,2
5665,604,0,604,674,0,81,1
5666,167,0,167,197,0,82,3
5667,177,0,177,208,0,82,1
5668,190,0,190,198,0,82,2
5669,197,0,197,222,0,82,3
5670,207,0,207,208,0,82,2
5671,209,0,209,218,0,82,2
5672,213,0,213,213,0,82,1
5673,234,0,234,235,0,82,2
5674,241,0,241,247,0,82,2
5675,247,0,247,267,0,82,3
5676,248,0,248,257,0,82,2
5677,250,0,250,258,0,82,1
5678,255,0,257,263,1,82,2
5679,267,0,267,286,0,82,1
5680,269,0,269,293,0,82,2
5681,269,0,269,282,0,82,3
5682,272,0,282,303,10,82,3
5683,273,1,286,341,13,82,1
5684,315,0,315,338,0,82,3
5685,325,0,325,329,0,82,2
5686,333,0,333,347,0,82,2
5687,342,0,342,346,0,82,3
5688,353,0,353,396,0,82,1
5689,353,0,353,370,0,82,3
5690,354,0,354,366,0,82,2
5691,362,0,366,434,4,82,2
5692,370,0,370,371,0,82,3
5693,374,0,374,389,0,82,3
5694,376,0,389,424,13,82,3
5695,383,1,396,437,13,82,1
5696,443,0,443,464,0,82,2
5697,446,0,446,460,0,82,1
5698,450,0,450,461,0,82,3
5699,454,0,460,468,7,82,1
5700,471,0,471,547,0,82,3
5701,478,0,478,481,0,82,2
5702,481,0,481,538,0,82,1
5703,498,0,498,503,0,82,2
5704,512,0,512,515,0,82,2
5705,518,0,518,521,0,82,2
5706,519,0,521,551,2,82,2
5707,523,0,538,561,15,82,1
5708,525,1,547,569,22,82,3
5709,530,2,551,567,22,82,2
5710,533,3,561,588,28,82,1
5711,549,2,567,568,18,82,2
5712,556,2,568,578,12,82,2
5713,571,0,571,575,0,82,3
5714,578,0,578,591,0,82,3
5715,596,0,596,606,0,82,1
5716,596,0,596,604,0,82,2
5717,601,0,601,627,0,82,3
5718,605,0,605,669,0,82,2
5719,608,0,608,614,0,82,1
5720,612,0,614,681,3,82,1
5721,613,1,627,650,13,82,3
5722,627,1,650,661,23,82,3
5723,628,1,661,662,33,82,3
5724,629,2,662,680,33,82,3
5725,632,3,669,687,37,82,2
5726,643,4,680,699,37,82,3
5727,643,5,681,686,38,82,1
5728,644,6,686,692,43,82,1
5729,645,7,687,707,42,82,2
5730,649,8,692,705,43,82,1
5731,649,9,699,721,50,82,3
5732,660,9,705,716,45,82,1
5733,664,8,707,747,43,82,2
5734,677,8,716,719,39,82,1
5735,685,7,719,728,34,82,1
5736,693,5,721,728,28,82,3
5737,705,4,728,825,23,82,3
5738,708,4,728,753,21,82,1
5739,710,5,747,749,37,82,2
5740,190,0,190,201,0,83,3
5741,191,0,191,318,0,83,2
5742,192,0,194,262,2,83,1
5743,200,0,201,240,1,83,3
5744,213,0,240,240,27,83,3
5745,221,1,240,245,19,83,3
5746,235,2,245,287,10,83,3
5747,239,3,262,262,23,83,1
5748,244,2,262,321,19,83,1
5749,249,2,287,316,37,83,3
5750,274,1,316,350,42,83,3
5751,277,2,318,328,42,83,2
5752,288,2,321,326,32,83,1
5753,341,0,341,349,0,83,1
5754,355,0,355,364,0,83,2
5755,363,0,363,365,0,83,3
5756,377,0,377,382,0,83,3
5757,382,0,382,389,0,83,1
5758,388,0,388,403,0,83,3
5759,390,0,390,403,0,83,1
5760,399,0,399,401,0,83,2
5761,402,0,402,415,0,83,2
5762,404,0,404,407,0,83,1
5763,406,0,406,425,0,83,3
5764,423,0,423,447,0,83,1
5765,430,0,430,447,0,83,3
5766,431,0,431,439,0,83,2
5767,437,0,439,462,3,83,2
5768,441,0,447,450,5,83,3
5769,442,1,447,461,6,83,1
5770,444,2,450,456,7,83,3
5771,447,1,456,467,9,83,3
5772,455,1,461,470,6,83,1
5773,455,2,462,476,7,83,2
5774,463,0,467,495,4,83,3
5775,472,0,472,511,0,83,1
5776,476,0,476,514,0,83,2
5777,496,0,496,518,0,83,3
5778,500,0,511,525,11,83,1
5779,506,1,514,527,8,83,2
5780,507,2,518,540,11,83,3
5781,511,3,525,553,14,83,1
5782,535,0,535,559,0,83,2
5783,546,0,546,578,0,83,3
5784,549,0,553,586,5,83,1
5785,571,0,571,598,0,83,2
5786,599,0,599,626,0,83,3
5787,623,0,623,632,0,83,2
5788,628,0,628,639,0,83,1
5789,638,0,638,641,0,83,2
5790,667,0,667,700,0,83,1
5791,670,0,670,730,0,83,2
5792,671,0,671,673,0,83,3
5793,681,0,681,701,0,83,3
5794,683,0,700,707,17,83,1
5795,686,1,701,713,15,83,3
5796,708,0,708,744,0,83,1
5797,719,0,719,724,0,83,3
5798,719,0,724,743,5,83,3
5799,722,1,730,743,8,83,2
5800,729,1,743,753,14,83,3
5801,732,1,743,823,10,83,2
5802,734,2,744,751,10,83,1
5803,752,0,752,764,0,83,1
5804,758,0,758,758,0,83,3
5805,765,0,765,768,0,83,3
5806,772,0,772,792,0,83,3
5807,776,0,776,779,0,83,1
5808,794,0,794,811,0,83,3
5809,800,0,800,835,0,83,1
5810,805,0,811,847,6,83,3
5811,141,2,177,190,36,84,2
5812,143,3,179,217,37,84,3
5813,149,4,187,209,39,84,1
5814,152,5,190,217,38,84,2
5815,156,6,209,223,53,84,1
5816,170,6,217,225,47,84,3
5817,175,6,217,231,42,84,2
5818,182,5,223,223,41,84,1
5819,191,4,223,229,32,84,1
5820,195,5,225,252,31,84,3
5821,196,6,229,231,33,84,1
5822,214,6,231,279,16,84,2
5823,228,2,231,276,3,84,1
5824,230,2,252,254,22,84,3
5825,234,1,254,266,20,84,3
5826,237,2,266,294,29,84,3
5827,238,3,276,280,38,84,1
5828,239,4,279,307,39,84,2
5829,244,5,280,285,36,84,1
5830,246,6,285,314,39,84,1
5831,251,7,294,295,43,84,3
5832,265,6,295,302,30,84,3
5833,282,3,302,321,20,84,3
5834,303,0,307,314,5,84,2
5835,315,0,315,321,0,84,1
5836,319,0,319,333,0,84,2
5837,322,0,322,329,0,84,1
5838,330,0,330,395,0,84,1
5839,332,0,332,333,0,84,3
5840,337,0,337,346,0,84,2
5841,338,0,338,341,0,84,3
5842,340,0,341,345,1,84,3
5843,351,0,351,354,0,84,3
5844,351,0,351,366,0,84,2
5845,381,0,381,394,0,84,2
5846,382,0,382,383,0,84,3
5847,398,0,398,444,0,84,3
5848,409,0,409,422,0,84,1
5849,411,0,411,422,0,84,2
5850,417,0,422,428,5,84,2
5851,423,0,423,423,0,84,1
5852,430,0,430,437,0,84,1
5853,440,0,440,474,0,84,1
5854,443,0,443,450,0,84,2
5855,445,0,445,446,0,84,3
5856,450,0,450,465,0,84,3
5857,451,0,451,455,0,84,2
5858,465,0,465,480,0,84,3
5859,481,0,481,500,0,84,3
5860,497,0,497,540,0,84,1
5861,505,0,505,516,0,84,3
5862,509,0,509,515,0,84,2
5863,522,0,522,534,0,84,2
5864,522,0,522,530,0,84,3
5865,524,0,530,551,6,84,3
5866,540,0,540,548,0,84,2
5867,540,0,540,546,0,84,1
5868,546,0,546,558,0,84,1
5869,595,0,595,631,0,84,3
5870,596,0,596,636,0,84,2
5871,611,0,611,624,0,84,1
5872,618,0,624,630,6,84,1
5873,649,0,649,660,0,84,3
5874,655,0,655,686,0,84,2
5875,661,0,661,693,0,84,3
5876,671,0,671,673,0,84,1
5877,704,0,704,736,0,84,2
5878,176,0,176,180,0,85,2
5879,183,0,183,185,0,85,1
5880,188,0,188,192,0,85,1
5881,211,0,211,237,0,85,2
5882,215,0,215,248,0,85,3
5883,225,0,225,241,0,85,1
5884,226,0,237,243,11,85,2
5885,227,1,241,270,14,85,1
5886,228,2,243,253,14,85,2
5887,248,0,248,251,0,85,3
5888,263,0,263,269,0,85,3
5889,270,0,270,302,0,85,3
5890,292,0,292,303,0,85,1
5891,292,0,292,327,0,85,2
5892,308,0,308,354,0,85,3
5893,317,0,317,344,0,85,1
5894,322,0,327,390,6,85,2
5895,326,1,344,369,18,85,1
5896,331,1,354,355,22,85,3
5897,335,2,355,394,21,85,3
5898,347,2,369,438,22,85,1
5899,366,1,390,434,23,85,2
5900,369,1,394,426,25,85,3
5901,372,2,426,459,54,85,3
5902,375,3,434,445,59,85,2
5903,379,4,438,439,60,85,1
5904,380,5,439,443,59,85,1
5905,391,5,443,460,52,85,1
5906,395,5,445,480,51,85,2
5907,400,6,459,466,59,85,3
5908,410,7,460,465,50,85,1
5909,418,8,465,469,48,85,1
5910,425,9,466,468,42,85,3
5911,432,9,468,505,36,85,3
5912,444,6,469,469,25,85,1
5913,447,6,469,498,22,85,1
5914,447,7,480,515,33,85,2
5915,452,8,498,499,46,85,1
5916,465,6,499,516,34,85,1
5917,467,6,505,544,38,85,3
5918,468,6,515,545,46,85,2
5919,474,5,516,524,42,85,1
5920,482,5,524,593,42,85,1
5921,493,6,544,577,51,85,3
5922,534,1,545,552,11,85,2
5923,537,2,552,559,15,85,2
5924,537,3,559,570,22,85,2
5925,537,4,570,632,33,85,2
5926,543,5,577,581,35,85,3
5927,545,4,581,590,36,85,3
5928,546,5,590,601,44,85,3
5929,548,6,593,598,45,85,1
5930,555,6,598,619,42,85,1
5931,557,7,601,627,45,85,3
5932,561,7,619,675,58,85,1
5933,564,8,627,643,63,85,3
5934,569,9,632,636,63,85,2
5935,573,9,636,676,64,85,2
5936,574,10,643,656,69,85,3
5937,576,11,656,667,80,85,3
5938,579,11,667,680,88,85,3
5939,583,11,675,715,92,85,1
5940,587,12,676,677,89,85,2
5941,599,10,677,696,78,85,2
5942,602,10,680,688,78,85,3
5943,608,11,688,739,80,85,3
5944,613,12,696,728,83,85,2
5945,614,13,715,716,101,85,1
5946,132,3,169,186,37,86,1
5947,138,4,180,191,42,86,3
5948,162,2,186,206,24,86,1
5949,168,3,191,193,23,86,3
5950,171,3,193,212,23,86,3
5951,171,4,194,206,23,86,2
5952,173,5,206,255,33,86,1
5953,175,6,206,233,31,86,2
5954,175,7,212,238,37,86,3
5955,210,1,233,258,24,86,2
5956,212,1,238,253,25,86,3
5957,214,2,253,292,40,86,3
5958,215,3,255,310,40,86,1
5959,224,4,258,345,34,86,2
5960,225,5,292,320,67,86,3
5961,251,4,310,312,59,86,1
5962,256,3,312,369,57,86,1
5963,258,3,320,402,62,86,3
5964,258,4,345,350,87,86,2
5965,281,5,350,361,70,86,2
5966,282,6,361,374,79,86,2
5967,292,7,369,378,77,86,1
5968,312,6,374,392,62,86,2
5969,312,7,378,422,66,86,1
5970,318,7,392,407,73,86,2
5971,320,7,402,407,82,86,3
5972,338,8,407,409,69,86,2
5973,352,7,407,441,55,86,3
5974,355,8,409,445,55,86,2
5975,358,9,422,448,64,86,1
5976,374,7,441,488,68,86,3
5977,383,7,445,468,62,86,2
5978,387,8,448,472,61,86,1
5979,391,9,468,468,77,86,2
5980,392,9,468,508,77,86,2
5981,416,6,472,482,56,86,1
5982,419,7,482,485,64,86,1
5983,431,7,485,509,54,86,1
5984,436,8,488,506,53,86,3
5985,442,8,506,516,64,86,3
5986,453,7,508,529,54,86,2
5987,459,8,509,510,50,86,1
5988,465,9,510,523,45,86,1
5989,466,10,516,552,50,86,3
5990,468,10,523,528,55,86,1
5991,469,10,528,530,59,86,1
5992,487,8,529,581,42,86,2
5993,495,8,530,532,35,86,1
5994,500,9,532,573,33,86,1
5995,504,10,552,565,48,86,3
5996,512,7,565,566,53,86,3
5997,519,7,566,625,47,86,3
5998,523,7,573,573,50,86,1
5999,528,8,573,578,45,86,1
6000,530,6,578,585,48,86,1
6001,532,6,581,587,48,86,2
6002,538,7,585,588,47,86,1
6003,548,8,587,592,39,86,2
6004,552,9,588,620,36,86,1
6005,555,9,592,596,37,86,2
6006,578,5,596,607,17,86,2
6007,582,5,607,613,26,86,2
6008,587,4,613,619,25,86,2
6009,589,4,619,629,30,86,2
6010,607,3,620,647,12,86,1
6011,612,3,625,640,13,86,3
6012,613,4,629,636,16,86,2
6013,618,4,636,658,19,86,2
6014,629,1,640,656,11,86,3
6015,179,0,179,197,0,87,1
6016,183,0,197,197,13,87,1
6017,187,1,197,200,10,87,1
6018,187,2,200,212,12,87,1
6019,188,3,202,233,14,87,3
6020,190,4,212,221,23,87,1
6021,200,2,221,231,21,87,1
6022,206,2,231,257,25,87,1
6023,210,3,233,249,24,87,3
6024,211,4,249,255,38,87,3
6025,219,4,252,301,33,87,2
6026,224,4,255,274,31,87,3
6027,235,3,257,304,22,87,1
6028,239,4,274,282,35,87,3
6029,241,5,282,302,41,87,3
6030,255,3,301,309,45,87,2
6031,257,4,302,318,45,87,3
6032,267,4,304,317,37,87,1
6033,276,4,309,314,33,87,2
6034,277,5,314,354,37,87,2
6035,279,6,317,358,38,87,1
6036,284,6,318,339,34,87,3
6037,322,0,339,344,17,87,3
6038,334,1,344,348,11,87,3
6039,334,2,348,355,14,87,3
6040,345,1,354,357,9,87,2
6041,351,1,355,363,4,87,3
6042,354,2,357,389,3,87,2
6043,378,0,378,448,0,87,3
6044,379,0,379,379,0,87,1
6045,386,0,386,391,0,87,1
6046,387,0,389,390,2,87,2
6047,389,1,390,412,1,87,2
6048,394,0,394,437,0,87,1
6049,397,0,412,414,16,87,2
6050,406,1,414,417,8,87,2
6051,409,2,417,521,8,87,2
6052,413,2,437,461,24,87,1
6053,417,1,448,449,30,87,3
6054,419,2,449,465,30,87,3
6055,427,3,461,474,34,87,1
6056,435,4,465,511,30,87,3
6057,445,4,474,479,29,87,1
6058,448,4,479,494,30,87,1
6059,464,3,494,501,30,87,1
6060,470,3,501,507,31,87,1
6061,471,4,507,509,36,87,1
6062,471,5,509,535,38,87,1
6063,471,6,511,566,40,87,3
6064,482,5,521,540,38,87,2
6065,483,6,535,547,52,87,1
6066,491,7,540,551,49,87,2
6067,497,7,547,557,50,87,1
6068,497,8,551,598,54,87,2
6069,517,5,557,600,39,87,1
6070,518,6,566,567,48,87,3
6071,519,7,567,584,48,87,3
6072,534,7,584,628,50,87,3
6073,537,7,598,627,61,87,2
6074,570,2,600,606,30,87,1
6075,577,3,606,612,30,87,1
6076,586,3,612,618,26,87,1
6077,590,4,618,621,28,87,1
6078,592,5,621,626,29,87,1
6079,597,6,626,648,29,87,1
6080,605,5,627,654,22,87,2
6081,605,6,628,635,23,87,3
6082,608,6,635,644,27,87,3
6083,608,7,644,653,36,87,3
6084,609,8,648,675,39,87,1
6085,616,8,653,684,37,87,3
6086,138,4,188,192,50,88,1
6087,139,5,189,216,50,88,2
6088,145,6,192,204,46,88,1
6089,158,6,195,197,37,88,3
6090,168,6,197,210,29,88,3
6091,170,7,204,218,33,88,1
6092,180,7,210,223,31,88,3
6093,199,2,216,309,18,88,2
6094,201,3,218,241,17,88,1
6095,203,4,223,240,20,88,3
6096,223,0,240,287,17,88,3
6097,227,1,241,255,14,88,1
6098,230,2,255,288,25,88,1
6099,241,1,287,288,46,88,3
6100,242,2,288,314,45,88,1
6101,244,3,288,291,44,88,3
6102,248,4,291,314,42,88,3
6103,259,4,309,311,50,88,2
6104,266,5,311,330,45,88,2
6105,268,6,314,315,45,88,3
6106,272,7,314,357,42,88,1
6107,276,8,315,317,39,88,3
6108,277,9,317,339,39,88,3
6109,280,10,330,383,50,88,2
6110,288,10,339,363,51,88,3
6111,290,9,357,389,67,88,1
6112,291,9,363,399,72,88,3
6113,302,10,383,396,81,88,2
6114,322,5,389,389,66,88,1
6115,324,6,389,401,65,88,1
6116,327,7,396,397,69,88,2
6117,345,6,397,407,52,88,2
6118,362,6,399,424,38,88,3
6119,367,6,401,417,34,88,1
6120,370,7,407,412,37,88,2
6121,370,8,412,443,42,88,2
6122,372,9,417,454,46,88,1
6123,379,10,424,426,45,88,3
6124,385,10,426,429,42,88,3
6125,394,9,429,454,35,88,3
6126,404,6,443,497,40,88,2
6127,406,7,454,574,48,88,1
6128,429,3,454,562,25,88,3
6129,429,4,497,505,68,88,2
6130,446,3,505,519,59,88,2
6131,462,2,519,558,57,88,2
6132,478,3,558,570,80,88,2
6133,487,4,562,575,75,88,3
6134,497,5,570,622,74,88,2
6135,504,5,574,625,69,88,1
6136,518,5,575,611,57,88,3
6137,538,5,611,650,73,88,3
6138,539,6,622,665,83,88,2
6139,553,7,625,698,72,88,1
6140,559,7,650,704,91,88,3
6141,559,8,665,669,106,88,2
6142,565,8,669,683,104,88,2
6143,575,6,683,700,108,88,2
6144,578,7,698,707,120,88,1
6145,593,8,700,702,106,88,2
6146,594,9,702,733,108,88,2
6147,615,9,704,737,89,88,3
6148,625,9,707,755,83,88,1
6149,626,9,733,744,107,88,2
6150,642,10,737,770,95,88,3
6151,652,10,744,770,92,88,2
6152,659,11,755,760,96,88,1
6153,660,12,760,761,100,88,1
6154,668,12,761,786,93,88,1
6155,681,12,770,775,89,88,2
6156,692,12,770,772,78,88,3
6157,694,13,772,844,78,88,3
6158,696,14,775,809,79,88,2
6159,697,15,786,790,89,88,1
6160,709,11,790,791,82,88,1
6161,732,12,791,809,59,88,1
6162,735,12,809,827,73,88,1
6163,743,12,809,851,66,88,2
6164,762,9,827,840,65,88,1
6165,770,9,840,954,69,88,1
6166,164,0,164,251,0,89,1
6167,169,0,190,193,21,89,3
6168,170,1,193,229,24,89,3
6169,172,2,204,245,32,89,2
6170,187,3,229,271,42,89,3
6171,189,4,245,250,56,89,2
6172,213,2,250,253,37,89,2
6173,213,3,251,254,38,89,1
6174,228,4,253,278,25,89,2
6175,233,4,254,272,21,89,1
6176,242,5,271,273,29,89,3
6177,245,5,272,291,27,89,1
6178,246,6,273,282,27,89,3
6179,249,7,278,286,29,89,2
6180,257,4,282,283,25,89,3
6181,268,5,283,316,16,89,3
6182,271,5,286,306,14,89,2
6183,278,4,291,300,13,89,1
6184,280,4,300,331,20,89,1
6185,282,5,306,309,25,89,2
6186,285,4,309,329,24,89,2
6187,289,4,316,358,26,89,3
6188,293,4,329,349,36,89,2
6189,294,5,331,334,36,89,1
6190,298,6,334,360,36,89,1
6191,298,7,349,352,51,89,2
6192,302,7,352,361,50,89,2
6193,304,8,358,446,55,89,3
6194,310,7,360,440,50,89,1
6195,314,8,361,404,47,89,2
6196,325,8,404,422,79,89,2
6197,328,9,422,444,94,89,2
6198,329,9,440,465,111,89,1
6199,334,9,444,501,111,89,2
6200,339,9,446,511,108,89,3
6201,349,9,465,474,116,89,1
6202,351,10,474,485,123,89,1
6203,352,10,485,508,134,89,1
6204,355,11,501,582,146,89,2
6205,362,9,508,508,146,89,1
6206,365,10,508,554,143,89,1
6207,381,11,511,514,130,89,3
6208,383,12,514,531,131,89,3
6209,388,13,531,570,143,89,3
6210,389,14,554,574,164,89,1
6211,409,14,570,614,161,89,3
6212,420,15,574,577,154,89,1
6213,422,15,577,592,155,89,1
6214,453,13,582,583,129,89,2
6215,491,11,583,584,92,89,2
6216,492,12,584,595,91,89,2
6217,495,13,592,599,98,89,1
6218,502,13,595,637,92,89,2
6219,522,10,599,601,77,89,1
6220,546,10,601,609,55,89,1
6221,547,11,609,648,62,89,1
6222,551,12,614,666,63,89,3
6223,555,12,637,673,82,89,2
6224,557,13,648,698,91,89,1
6225,561,14,666,672,105,89,3
6226,561,15,672,672,110,89,3
6227,562,16,672,696,110,89,3
6228,569,17,673,675,104,89,2
6229,571,17,675,734,104,89,2
6230,112,9,154,177,42,90,1
6231,114,9,154,174,40,90,3
6232,119,10,161,171,42,90,2
6233,124,8,171,190,47,90,2
6234,124,9,174,182,49,90,3
6235,139,7,177,191,38,90,1
6236,140,8,182,203,42,90,3
6237,142,9,190,223,48,90,2
6238,159,6,191,198,32,90,1
6239,170,6,198,204,28,90,1
6240,176,5,203,215,27,90,3
6241,184,4,204,217,20,90,1
6242,184,5,215,235,31,90,3
6243,201,3,217,295,16,90,1
6244,206,2,223,231,17,90,2
6245,209,3,231,236,22,90,2
6246,226,1,235,242,9,90,3
6247,238,0,238,253,0,90,2
6248,239,0,242,289,3,90,3
6249,245,0,253,274,8,90,2
6250,253,1,274,284,21,90,2
6251,271,1,284,289,13,90,2
6252,277,1,289,294,11,90,2
6253,279,2,289,302,10,90,3
6254,287,2,294,329,7,90,2
6255,295,0,295,339,0,90,1
6256,295,0,302,307,7,90,3
6257,295,1,307,322,12,90,3
6258,298,2,322,406,23,90,3
6259,303,2,329,332,27,90,2
6260,308,2,332,342,24,90,2
6261,310,3,339,363,29,90,1
6262,311,4,342,391,31,90,2
6263,325,4,363,364,38,90,1
6264,326,5,364,405,37,90,1
6265,333,4,391,434,58,90,2
6266,339,5,405,411,66,90,1
6267,345,4,406,468,61,90,3
6268,345,5,411,474,65,90,1
6269,352,6,434,448,81,90,2
6270,355,7,448,454,93,90,2
6271,383,6,454,522,71,90,2
6272,385,7,468,524,82,90,3
6273,397,7,474,505,77,90,1
6274,400,8,505,524,105,90,1
6275,409,7,522,537,112,90,2
6276,416,7,524,526,108,90,3
6277,447,7,524,527,78,90,1
6278,451,7,526,533,75,90,3
6279,456,7,527,529,71,90,1
6280,469,7,529,550,60,90,1
6281,478,7,533,587,55,90,3
6282,487,8,537,541,51,90,2
6283,489,9,541,542,52,90,2
6284,500,10,542,550,42,90,2
6285,502,11,550,563,47,90,1
6286,510,11,550,563,41,90,2
6287,516,12,563,598,47,90,2
6288,526,10,563,564,37,90,1
6289,530,8,564,580,34,90,1
6290,538,7,580,606,42,90,1
6291,553,4,587,601,34,90,3
6292,560,5,598,601,37,90,2
6293,574,3,601,615,26,90,2
6294,576,4,601,627,25,90,3
6295,585,4,606,614,21,90,1
6296,586,5,614,616,29,90,1
6297,593,5,615,619,23,90,2
6298,606,2,616,622,10,90,1
6299,613,3,619,651,6,90,2
6300,620,0,622,642,2,90,1
6301,635,0,635,663,0,90,3
6302,636,0,642,655,5,90,1
6303,645,0,651,690,6,90,2
6304,191,2,217,265,26,91,2
6305,203,2,221,264,18,91,3
6306,204,3,224,232,20,91,1
6307,211,3,232,264,21,91,1
6308,211,4,264,267,52,91,1
6309,216,5,264,267,48,91,3
6310,238,2,265,299,26,91,2
6311,254,3,267,271,13,91,3
6312,279,0,279,291,0,91,1
6313,279,0,279,293,0,91,3
6314,280,0,291,329,11,91,1
6315,282,1,293,350,11,91,3
6316,297,0,299,343,2,91,2
6317,300,0,329,331,29,91,1
6318,302,1,331,359,29,91,1
6319,322,2,343,386,21,91,2
6320,328,3,350,365,22,91,3
6321,332,2,359,365,27,91,1
6322,340,3,365,367,25,91,1
6323,343,4,365,367,23,91,3
6324,350,3,367,369,17,91,1
6325,373,0,373,387,0,91,1
6326,375,0,375,404,0,91,3
6327,378,0,386,410,8,91,2
6328,389,0,389,448,0,91,1
6329,405,0,405,460,0,91,3
6330,412,0,412,435,0,91,2
6331,415,0,435,455,20,91,2
6332,463,0,463,469,0,91,3
6333,468,0,468,502,0,91,2
6334,470,0,470,476,0,91,3
6335,475,0,475,477,0,91,1
6336,477,0,477,480,0,91,3
6337,482,0,482,489,0,91,1
6338,483,0,483,524,0,91,3
6339,489,0,489,497,1,91,1
6340,496,0,497,505,1,91,1
6341,534,0,534,554,0,91,3
6342,537,0,537,562,0,91,2
6343,543,0,543,545,0,91,1
6344,545,0,545,560,1,91,1
6345,557,0,557,565,0,91,3
6346,559,0,560,605,1,91,1
6347,564,0,564,566,0,91,2
6348,569,0,569,574,0,91,3
6349,575,0,575,579,0,91,2
6350,581,0,581,602,0,91,3
6351,584,0,584,593,0,91,2
6352,593,0,593,613,1,91,2
6353,596,0,602,612,6,91,3
6354,597,1,605,606,9,91,1
6355,602,2,606,615,5,91,1
6356,605,1,612,618,7,91,3
6357,606,2,613,673,7,91,2
6358,626,0,626,626,0,91,3
6359,640,0,640,647,0,91,1
6360,656,0,656,674,0,91,1
6361,658,0,658,703,0,91,3
6362,671,0,673,691,2,91,2
6363,674,0,674,681,0,91,1
6364,675,0,681,687,6,91,1
6365,677,1,687,709,10,91,1
6366,706,0,706,707,0,91,2
6367,710,0,710,718,0,91,1
6368,713,0,713,718,0,91,2
6369,714,0,714,718,0,91,3
6370,719,0,719,739,0,91,1
6371,725,0,725,827,0,91,2
6372,725,0,725,766,0,91,3
6373,725,0,739,745,14,91,1
6374,738,1,745,756,7,91,1
6375,164,1,179,232,15,92,3
6376,170,1,181,185,12,92,1
6377,182,0,185,187,3,92,1
6378,189,0,189,190,0,92,1
6379,193,0,193,202,0,92,1
6380,194,0,199,219,5,92,2
6381,223,0,223,226,0,92,2
6382,227,0,227,252,0,92,1
6383,238,0,238,250,0,92,3
6384,253,0,253,283,0,92,3
6385,263,0,263,264,0,92,2
6386,276,0,276,403,0,92,2
6387,295,0,295,309,0,92,1
6388,296,0,296,351,0,92,3
6389,301,0,309,339,7,92,1
6390,304,1,339,384,36,92,1
6391,304,2,351,369,47,92,3
6392,314,2,369,369,54,92,3
6393,329,3,369,398,40,92,3
6394,333,4,384,405,51,92,1
6395,338,5,398,426,60,92,3
6396,340,5,403,416,63,92,2
6397,342,6,405,409,63,92,1
6398,345,7,409,440,65,92,1
6399,358,7,416,419,58,92,2
6400,362,8,419,427,57,92,2
6401,368,9,426,476,58,92,3
6402,369,8,427,462,58,92,2
6403,373,9,440,459,67,92,1
6404,374,10,459,485,85,92,1
6405,377,11,462,474,85,92,2
6406,385,11,474,479,90,92,2
6407,385,12,476,488,91,92,3
6408,390,13,479,480,89,92,2
6409,393,14,480,487,87,92,2
6410,394,15,485,493,91,92,1
6411,402,15,487,504,85,92,2
6412,414,13,488,505,74,92,3
6413,420,12,493,514,73,92,1
6414,420,13,504,509,83,92,2
6415,422,14,505,512,83,92,3
6416,426,15,509,521,83,92,2
6417,427,15,512,528,85,92,3
6418,430,15,514,517,85,92,1
6419,430,16,517,532,86,92,1
6420,439,17,521,529,82,92,2
6421,467,15,528,550,61,92,3
6422,467,16,529,542,62,92,2
6423,470,17,532,577,61,92,1
6424,483,14,542,581,59,92,2
6425,490,12,550,557,60,92,3
6426,501,12,557,560,56,92,3
6427,504,13,560,573,57,92,3
6428,509,11,573,575,64,92,3
6429,513,11,575,578,62,92,3
6430,518,10,577,577,59,92,1
6431,520,11,577,588,57,92,1
6432,523,11,578,594,55,92,3
6433,527,12,581,604,55,92,2
6434,530,11,588,588,58,92,1
6435,537,11,588,602,50,92,1
6436,581,2,594,595,13,92,3
6437,587,3,595,602,8,92,3
6438,597,0,602,602,5,92,1
6439,604,0,604,626,0,92,1
6440,609,0,609,615,0,92,2
6441,616,0,616,633,0,92,2
6442,618,0,618,635,0,92,3
6443,623,0,626,679,3,92,1
6444,179,0,179,188,0,93,3
6445,183,0,188,192,6,93,3
6446,186,1,192,201,6,93,3
6447,190,1,193,193,3,93,1
6448,202,0,202,251,0,93,1
6449,203,0,203,219,0,93,3
6450,204,0,214,232,11,93,2
6451,218,0,219,239,1,93,3
6452,239,0,239,263,0,93,2
6453,240,0,240,262,0,93,3
6454,240,0,251,256,12,93,1
6455,240,1,256,275,16,93,1
6456,253,1,262,305,9,93,3
6457,265,0,265,276,0,93,2
6458,272,0,275,283,3,93,1
6459,287,0,287,299,0,93,1
6460,293,0,293,297,0,93,2
6461,307,0,307,308,0,93,3
6462,313,0,313,368,0,93,2
6463,334,0,334,350,0,93,3
6464,349,0,349,352,0,93,1
6465,355,0,355,360,0,93,3
6466,356,0,356,395,0,93,1
6467,381,0,381,406,0,93,2
6468,391,0,391,462,0,93,3
6469,397,0,397,399,0,93,1
6470,403,0,403,414,0,93,1
6471,405,0,406,419,1,93,2
6472,407,0,414,421,7,93,1
6473,413,1,419,442,6,93,2
6474,417,1,421,422,4,93,1
6475,428,0,428,438,0,93,1
6476,437,0,438,448,1,93,1
6477,441,0,442,445,0,93,2
6478,444,0,445,456,1,93,2
6479,444,1,448,476,4,93,1
6480,453,0,456,468,2,93,2
6481,457,0,462,520,5,93,3
6482,460,1,468,477,8,93,2
6483,466,1,476,481,10,93,1
6484,474,1,477,487,3,93,2
6485,476,1,481,482,5,93,1
6486,478,1,482,489,4,93,1
6487,481,2,487,529,6,93,2
6488,491,0,491,518,0,93,1
6489,496,0,518,549,23,93,1
6490,504,1,520,554,16,93,3
6491,520,1,529,534,10,93,2
6492,533,0,534,555,1,93,2
6493,538,0,549,565,11,93,1
6494,571,0,571,573,0,93,2
6495,571,0,571,582,0,93,3
6496,575,0,575,585,0,93,1
6497,581,0,581,599,0,93,2
6498,588,0,588,602,0,93,1
6499,593,0,593,594,0,93,3
6500,610,0,610,611,0,93,3
6501,613,0,613,628,0,93,1
6502,618,0,618,621,0,93,3
6503,621,0,621,637,0,93,2
6504,638,0,638,646,0,93,3
6505,644,0,644,646,0,93,2
6506,644,0,644,662,0,93,1
6507,646,0,646,678,0,93,3
6508,652,0,652,658,0,93,2
6509,653,0,658,712,5,93,2
6510,656,1,662,732,6,93,1
6511,658,2,678,713,20,93,3
6512,658,2,712,715,54,93,2
6513,663,2,713,755,49,93,3
6514,677,3,715,722,38,93,2
6515,684,3,722,733,39,93,2
6516,692,4,732,733,39,93,1
6517,152,0,154,161,2,94,2
6518,185,0,185,211,0,94,1
6519,187,0,187,199,0,94,2
6520,189,0,189,203,0,94,3
6521,190,0,199,246,10,94,2
6522,192,1,203,205,10,94,3
6523,198,2,205,206,7,94,3
6524,199,3,206,213,7,94,3
6525,201,3,211,227,10,94,1
6526,205,2,213,223,9,94,3
6527,207,2,223,234,17,94,3
6528,207,3,227,228,20,94,1
6529,210,4,228,257,18,94,1
6530,212,4,234,251,22,94,3
6531,216,4,246,254,31,94,2
6532,216,5,251,254,35,94,3
6533,218,6,254,277,35,94,3
6534,232,4,254,272,22,94,2
6535,240,4,257,275,17,94,1
6536,256,1,272,274,16,94,2
6537,271,1,274,286,3,94,2
6538,272,1,275,279,3,94,1
6539,274,1,277,280,3,94,3
6540,277,0,279,306,1,94,1
6541,284,0,284,299,0,94,3
6542,303,0,303,335,0,94,3
6543,313,0,313,315,0,94,1
6544,317,0,317,373,0,94,1
6545,319,0,319,337,0,94,2
6546,320,0,335,353,15,94,3
6547,341,0,341,348,0,94,2
6548,343,0,348,386,5,94,2
6549,347,1,353,354,6,94,3
6550,349,1,354,356,6,94,3
6551,351,2,356,402,5,94,3
6552,352,3,373,418,21,94,1
6553,367,1,386,403,19,94,2
6554,369,2,402,404,33,94,3
6555,373,3,403,434,30,94,2
6556,374,3,404,415,30,94,3
6557,386,3,415,477,29,94,3
6558,391,4,418,468,27,94,1
6559,391,5,434,492,43,94,2
6560,394,6,468,469,73,94,1
6561,417,3,469,471,52,94,1
6562,419,3,471,474,51,94,1
6563,420,4,474,483,54,94,1
6564,426,5,477,485,50,94,3
6565,429,6,483,511,53,94,1
6566,430,7,485,516,56,94,3
6567,435,7,492,531,58,94,2
6568,443,8,511,518,68,94,1
6569,444,9,516,518,73,94,3
6570,444,10,518,519,74,94,1
6571,449,11,518,522,69,94,3
6572,457,12,519,534,61,94,1
6573,460,13,522,524,61,94,3
6574,474,10,524,528,49,94,3
6575,479,10,528,548,49,94,3
6576,482,11,531,548,48,94,2
6577,486,10,534,538,48,94,1
6578,489,11,538,556,49,94,1
6579,492,12,548,551,56,94,2
6580,509,12,548,574,39,94,3
6581,516,12,551,552,36,94,2
6582,517,12,552,576,36,94,2
6583,521,10,556,673,36,94,1
6584,521,11,574,628,53,94,3
6585,528,9,576,585,48,94,2
6586,531,9,585,608,54,94,2
6587,536,9,608,652,72,94,2
6588,103,3,118,132,15,95,2
6589,105,4,118,154,14,95,3
6590,122,0,132,140,11,95,2
6591,126,1,140,184,14,95,2
6592,127,2,144,182,17,95,1
6593,140,1,154,157,14,95,3
6594,142,2,157,186,15,95,3
6595,148,2,182,192,34,95,1
6596,154,3,184,190,30,95,2
6597,159,2,186,204,27,95,3
6598,161,3,190,230,29,95,2
6599,184,2,192,214,7,95,1
6600,188,2,204,260,17,95,3
6601,193,1,214,235,21,95,1
6602,193,2,230,232,37,95,2
6603,201,3,232,235,31,95,2
6604,217,2,235,266,18,95,1
6605,228,3,235,393,7,95,2
6606,238,0,260,263,22,95,3
6607,239,1,263,263,24,95,3
6608,243,2,263,269,20,95,3
6609,263,2,266,284,3,95,1
6610,264,1,269,307,5,95,3
6611,270,0,284,292,15,95,1
6612,275,1,292,318,17,95,1
6613,291,1,307,309,16,95,3
6614,303,1,309,330,5,95,3
6615,303,2,318,350,15,95,1
6616,304,3,330,357,26,95,3
6617,333,0,350,379,17,95,1
6618,337,1,357,390,19,95,3
6619,338,2,379,379,40,95,1
6620,343,3,379,389,36,95,1
6621,343,4,389,420,45,95,1
6622,347,5,390,392,43,95,3
6623,350,6,392,402,42,95,3
6624,353,6,393,395,41,95,2
6625,357,6,395,427,38,95,2
6626,357,7,402,408,45,95,3
6627,358,8,408,411,50,95,3
6628,361,9,411,422,50,95,3
6629,364,10,420,442,56,95,1
6630,395,5,422,439,28,95,3
6631,414,2,427,440,13,95,2
6632,437,0,439,448,2,95,3
6633,448,0,448,462,0,95,3
6634,473,0,473,499,0,95,1
6635,473,0,473,479,0,95,3
6636,474,0,474,494,0,95,2
6637,474,0,479,481,4,95,3
6638,475,1,481,497,7,95,3
6639,478,2,494,523,16,95,2
6640,479,2,497,502,17,95,3
6641,488,2,499,504,11,95,1
6642,491,3,502,523,11,95,3
6643,500,1,504,565,4,95,1
6644,506,0,523,542,17,95,2
6645,518,1,523,538,5,95,3
6646,524,0,538,556,14,95,3
6647,526,1,542,565,16,95,2
6648,527,2,556,623,29,95,3
6649,542,2,565,601,23,95,2
6650,562,1,565,585,3,95,1
6651,563,2,585,599,22,95,1
6652,583,1,599,603,16,95,1
6653,587,1,601,612,14,95,2
6654,593,2,603,611,9,95,1
6655,177,0,177,187,0,96,1
6656,192,0,192,265,0,96,2
6657,193,0,193,243,0,96,3
6658,198,0,198,236,0,96,1
6659,212,0,236,247,24,96,1
6660,230,1,243,262,14,96,3
6661,233,2,247,292,14,96,1
6662,244,1,262,263,17,96,3
6663,251,1,263,266,12,96,3
6664,262,1,265,277,4,96,2
6665,270,0,270,293,0,96,3
6666,273,0,277,315,4,96,2
6667,274,1,292,308,18,96,1
6668,276,2,293,315,17,96,3
6669,277,2,308,340,31,96,1
6670,289,3,315,341,26,96,3
6671,296,2,315,315,18,96,2
6672,299,3,315,321,17,96,2
6673,307,4,321,356,14,96,2
6674,313,4,340,415,27,96,1
6675,320,2,341,401,21,96,3
6676,322,2,356,362,35,96,2
6677,338,3,362,368,24,96,2
6678,344,2,368,379,24,96,2
6679,355,3,379,411,24,96,2
6680,357,3,401,411,43,96,3
6681,361,4,411,412,50,96,2
6682,362,5,411,471,49,96,3
6683,362,6,412,417,50,96,2
6684,374,5,415,419,41,96,1
6685,380,5,417,453,37,96,2
6686,386,6,419,423,33,96,1
6687,390,7,423,449,32,96,1
6688,419,2,449,488,29,96,1
6689,422,2,453,489,31,96,2
6690,431,2,471,507,40,96,3
6691,439,3,488,493,50,96,1
6692,457,2,489,503,31,96,2
6693,460,3,493,519,33,96,1
6694,464,4,503,579,40,96,2
6695,474,4,507,552,33,96,3
6696,505,1,519,525,15,96,1
6697,523,0,525,621,3,96,1
6698,527,0,552,554,25,96,3
6699,532,1,554,558,22,96,3
6700,532,2,558,569,26,96,3
6701,540,3,569,572,29,96,3
6702,546,4,572,579,26,96,3
6703,552,4,579,600,26,96,3
6704,567,3,579,582,12,96,2
6705,573,2,582,637,9,96,2
6706,584,0,600,604,16,96,3
6707,586,1,604,606,18,96,3
6708,587,2,606,612,19,96,3
6709,593,3,612,623,19,96,3
6710,595,4,621,625,26,96,1
6711,602,4,623,651,20,96,3
6712,605,4,625,628,20,96,1
6713,605,5,628,655,23,96,1
6714,623,2,637,654,14,96,2
6715,630,1,651,676,21,96,3
6716,632,2,654,658,22,96,2
6717,634,3,655,694,20,96,1
6718,640,3,658,733,19,96,2
6719,642,4,676,714,34,96,3
6720,154,2,169,178,15,97,3
6721,167,2,178,203,11,97,3
6722,167,3,180,182,13,97,2
6723,170,2,181,251,11,97,1
6724,177,3,182,184,5,97,2
6725,181,2,184,207,3,97,2
6726,195,0,203,230,9,97,3
6727,197,1,207,248,10,97,2
6728,199,2,230,245,31,97,3
6729,205,2,245,249,39,97,3
6730,207,3,248,258,41,97,2
6731,207,4,249,255,42,97,3
6732,209,4,251,258,42,97,1
6733,210,5,255,258,45,97,3
6734,217,6,258,268,41,97,2
6735,217,7,258,332,41,97,3
6736,235,7,258,269,23,97,1
6737,237,8,268,272,31,97,2
6738,243,9,269,271,26,97,1
6739,248,8,271,276,23,97,1
6740,258,6,272,310,14,97,2
6741,262,4,276,283,14,97,1
6742,269,4,283,310,14,97,1
6743,275,2,310,311,35,97,1
6744,278,2,310,325,32,97,2
6745,290,2,311,313,21,97,1
6746,291,3,313,317,22,97,1
6747,297,4,317,346,20,97,1
6748,307,5,325,332,18,97,2
6749,313,2,332,336,19,97,2
6750,327,1,332,344,6,97,3
6751,336,0,336,340,0,97,2
6752,345,0,345,388,0,97,2
6753,351,0,351,398,0,97,3
6754,352,0,352,391,0,97,1
6755,354,0,388,431,35,97,2
6756,369,1,391,403,22,97,1
6757,378,2,398,481,20,97,3
6758,386,3,403,406,17,97,1
6759,387,4,406,415,19,97,1
6760,390,4,415,426,24,97,1
6761,399,3,426,428,27,97,1
6762,403,3,428,439,25,97,1
6763,406,4,431,462,25,97,2
6764,430,1,439,469,9,97,1
6765,441,0,462,468,21,97,2
6766,454,1,468,480,14,97,2
6767,456,2,469,600,13,97,1
6768,473,0,480,506,6,97,2
6769,480,0,481,541,1,97,3
6770,496,0,506,506,9,97,2
6771,503,1,506,549,2,97,2
6772,505,2,541,544,35,97,3
6773,507,1,544,575,37,97,3
6774,511,2,549,561,38,97,2
6775,525,3,561,657,36,97,2
6776,531,4,575,650,43,97,3
6777,560,2,600,611,40,97,1
6778,560,3,611,620,51,97,1
6779,565,3,620,645,55,97,1
6780,571,4,645,667,74,97,1
6781,574,5,650,650,76,97,3
6782,593,5,650,654,57,97,3
6783,594,6,654,668,60,97,3
6784,607,6,657,687,50,97,2
6785,623,5,667,698,45,97,1
6786,653,3,668,674,14,97,3
6787,129,2,132,143,3,98,1
6788,132,0,141,143,9,98,3
6789,133,1,143,155,9,98,3
6790,139,2,143,159,5,98,1
6791,141,3,155,159,14,98,3
6792,142,3,159,173,17,98,3
6793,154,2,159,192,5,98,1
6794,161,0,170,196,9,98,2
6795,166,1,173,200,7,98,3
6796,183,0,192,196,9,98,1
6797,186,1,196,243,10,98,2
6798,195,1,196,200,1,98,1
6799,196,2,200,254,4,98,3
6800,211,0,211,222,0,98,1
6801,218,0,222,225,4,98,1
6802,222,1,225,255,3,98,1
6803,223,1,243,251,20,98,2
6804,228,1,251,280,24,98,2
6805,233,2,254,302,21,98,3
6806,242,3,255,273,14,98,1
6807,243,4,273,313,30,98,1
6808,260,1,280,314,20,98,2
6809,262,2,302,306,40,98,3
6810,265,3,306,309,41,98,3
6811,282,2,309,339,27,98,3
6812,292,3,313,315,21,98,1
6813,299,4,314,334,15,98,2
6814,307,3,315,317,8,98,1
6815,312,3,317,320,5,98,1
6816,338,0,338,390,0,98,1
6817,339,0,339,342,0,98,3
6818,340,0,340,367,0,98,2
6819,341,0,342,344,1,98,3
6820,341,1,344,376,2,98,3
6821,343,1,367,426,23,98,2
6822,350,1,376,412,26,98,3
6823,350,2,390,443,40,98,1
6824,352,3,412,417,59,98,3
6825,357,4,417,424,60,98,3
6826,358,5,424,430,66,98,3
6827,358,6,426,442,68,98,2
6828,368,6,430,435,62,98,3
6829,394,5,435,456,41,98,3
6830,394,6,442,468,47,98,2
6831,399,7,443,485,44,98,1
6832,402,8,456,460,54,98,3
6833,418,7,460,461,42,98,3
6834,421,8,461,466,40,98,3
6835,425,8,466,468,41,98,3
6836,439,6,468,481,29,98,2
6837,445,5,468,481,23,98,3
6838,462,3,481,483,19,98,2
6839,464,4,481,483,17,98,3
6840,469,2,483,491,14,98,3
6841,479,3,483,507,4,98,2
6842,501,0,501,514,0,98,3
6843,506,0,506,508,0,98,1
6844,507,0,507,520,0,98,2
6845,510,0,510,511,0,98,1
6846,514,0,514,540,0,98,1
6847,115,2,167,185,52,99,2
6848,123,3,185,186,61,99,2
6849,123,4,185,201,61,99,1
6850,136,5,186,201,50,99,2
6851,142,6,201,255,58,99,2
6852,144,7,201,207,58,99,1
6853,152,7,207,241,55,99,1
6854,173,6,217,224,44,99,3
6855,208,1,224,224,15,99,3
6856,220,1,224,245,4,99,3
6857,223,2,241,267,18,99,1
6858,238,1,245,250,8,99,3
6859,246,0,250,258,4,99,3
6860,251,0,255,264,4,99,2
6861,255,1,258,283,3,99,3
6862,285,0,285,299,0,99,3
6863,316,0,316,317,0,99,2
6864,329,0,329,348,0,99,3
6865,335,0,335,376,0,99,1
6866,360,0,360,374,0,99,3
6867,362,0,362,373,0,99,2
6868,370,0,373,393,4,99,2
6869,375,0,375,442,0,99,3
6870,379,0,379,400,0,99,1
6871,381,0,393,419,13,99,2
6872,390,1,400,444,10,99,1
6873,400,1,419,442,18,99,2
6874,405,1,442,459,37,99,3
6875,420,1,442,484,22,99,2
6876,423,2,444,460,21,99,1
6877,424,3,459,506,35,99,3
6878,426,4,460,475,34,99,1
6879,428,5,475,493,47,99,1
6880,473,1,484,498,11,99,2
6881,474,2,493,508,19,99,1
6882,478,2,498,512,20,99,2
6883,486,2,506,525,20,99,3
6884,488,3,508,518,20,99,1
6885,491,4,512,513,21,99,2
6886,497,4,513,639,16,99,2
6887,497,5,518,539,20,99,1
6888,499,5,525,530,26,99,3
6889,510,4,530,555,20,99,3
6890,515,3,539,550,24,99,1
6891,522,3,550,555,28,99,1
6892,526,3,555,567,29,99,3
6893,531,3,555,600,24,99,1
6894,535,4,567,575,31,99,3
6895,546,4,575,579,29,99,3
6896,550,5,579,597,29,99,3
6897,551,5,597,609,46,99,3
6898,554,6,600,631,46,99,1
6899,556,5,609,613,53,99,3
6900,561,6,613,617,52,99,3
6901,566,7,617,620,51,99,3
6902,571,7,620,641,49,99,3
6903,583,6,631,639,48,99,1
6904,594,7,639,642,45,99,1
6905,595,8,639,641,44,99,2
6906,598,8,641,650,43,99,2
6907,601,8,641,646,41,99,3
6908,603,9,642,671,39,99,1
6909,139,0,139,156,0,100,3
6910,146,0,146,253,0,100,1
6911,148,0,156,156,8,100,3
6912,161,0,161,209,0,100,3
6913,166,0,190,194,25,100,2
6914,207,0,207,256,0,100,2
6915,219,0,219,229,0,100,3
6916,224,0,229,231,5,100,3
6917,234,0,234,260,0,100,3
6918,235,0,253,274,18,100,1
6919,246,1,256,304,11,100,2
6920,246,2,260,295,14,100,3
6921,251,3,274,279,23,100,1
6922,284,0,284,297,0,100,1
6923,286,0,295,315,9,100,3
6924,303,0,303,305,0,100,1
6925,318,0,318,355,0,100,1
6926,325,0,325,325,0,100,2
6927,327,0,327,328,0,100,2
6928,333,0,333,352,0,100,2
6929,335,0,335,342,0,100,3
6930,336,0,342,348,7,100,3
6931,367,0,367,403,0,100,3
6932,370,0,370,378,0,100,1
6933,371,0,371,378,0,100,2
6934,382,0,382,420,0,100,2
6935,395,0,395,400,0,100,1
6936,398,0,400,470,2,100,1
6937,399,1,403,427,4,100,3
6938,406,0,420,454,14,100,2
6939,442,0,442,448,0,100,3
6940,444,0,448,456,3,100,3
6941,449,0,454,460,4,100,2
6942,457,0,457,499,0,100,3
6943,457,0,460,462,3,100,2
6944,461,0,462,472,1,100,2
6945,466,0,470,474,3,100,1
6946,469,1,472,485,3,100,2
6947,469,2,474,529,5,100,1
6948,485,0,485,487,0,100,2
6949,488,0,488,514,0,100,2
6950,515,0,515,530,0,100,2
6951,523,0,523,535,0,100,3
6952,534,0,534,535,0,100,1
6953,542,0,542,568,0,100,1
6954,544,0,544,555,0,100,3
6955,547,0,547,594,0,100,2
6956,557,0,557,561,0,100,3
6957,559,0,561,588,2,100,3
6958,559,1,568,572,9,100,1
6959,560,2,572,581,12,100,1
6960,563,2,581,615,18,100,1
6961,576,1,588,589,12,100,3
6962,585,1,589,589,4,100,3
6963,591,0,591,618,0,100,3
6964,592,0,594,601,2,100,2
6965,594,1,601,637,7,100,2
6966,603,0,615,619,12,100,1
6967,615,0,618,627,3,100,3
6968,625,0,625,657,0,100,1
6969,630,0,630,641,0,100,3
6970,638,0,638,643,0,100,2
6971,639,0,641,643,2,100,3
6972,639,1,643,646,4,100,2
6973,648,0,648,661,0,100,3
6974,655,0,655,675,0,100,2
6975,659,0,659,661,0,100,1
6976,678,0,678,690,0,100,2
6977,679,0,679,680,0,100,1
6978,685,0,685,736,0,100,3
6979,695,0,695,717,0,100,2
6980,696,0,696,706,0,100,1
